Date,Energy (kcal),Alcohol (g),Caffeine (mg),Oxalate (mg),Phytate (mg),Water (g),B1 (Thiamine) (mg),B2 (Riboflavin) (mg),B3 (Niacin) (mg),B5 (Pantothenic Acid) (mg),B6 (Pyridoxine) (mg),B12 (Cobalamin) (µg),Folate (µg),Vitamin A (µg),Vitamin C (mg),Vitamin D (IU),Vitamin E (mg),Vitamin K (µg),Calcium (mg),Copper (mg),Iron (mg),Magnesium (mg),Manganese (mg),Phosphorus (mg),Potassium (mg),Selenium (µg),Sodium (mg),Zinc (mg),Net Carbs (g),Carbs (g),Fiber (g),Insoluble Fiber (g),Soluble Fiber (g),Starch (g),Sugars (g),Added Sugars (g),Fat (g),Cholesterol (mg),Monounsaturated (g),Polyunsaturated (g),Saturated (g),Trans-Fats (g),Omega-3 (g),ALA (g),DHA (g),EPA (g),Omega-6 (g),AA (g),LA (g),Cystine (g),Histidine (g),Isoleucine (g),Leucine (g),Lysine (g),Methionine (g),Phenylalanine (g),Protein (g),Threonine (g),Tryptophan (g),Tyrosine (g),Valine (g),Completed
2024-09-03,,,,,,,,,,,,,,,,,,,,,,,,,,,,,,,,,,,,,,,,,,,,,,,,,,,,,,,,,,,,,,false
2024-09-04,,,,,,,,,,,,,,,,,,,,,,,,,,,,,,,,,,,,,,,,,,,,,,,,,,,,,,,,,,,,,,false
2024-09-05,,,,,,,,,,,,,,,,,,,,,,,,,,,,,,,,,,,,,,,,,,,,,,,,,,,,,,,,,,,,,,false
2024-09-06,,,,,,,,,,,,,,,,,,,,,,,,,,,,,,,,,,,,,,,,,,,,,,,,,,,,,,,,,,,,,,false
2024-09-12,,,,,,,,,,,,,,,,,,,,,,,,,,,,,,,,,,,,,,,,,,,,,,,,,,,,,,,,,,,,,,false
2024-09-17,,,,,,,,,,,,,,,,,,,,,,,,,,,,,,,,,,,,,,,,,,,,,,,,,,,,,,,,,,,,,,false
2024-09-18,,,,,,,,,,,,,,,,,,,,,,,,,,,,,,,,,,,,,,,,,,,,,,,,,,,,,,,,,,,,,,false
2024-09-19,,,,,,,,,,,,,,,,,,,,,,,,,,,,,,,,,,,,,,,,,,,,,,,,,,,,,,,,,,,,,,false
2024-09-20,,,,,,,,,,,,,,,,,,,,,,,,,,,,,,,,,,,,,,,,,,,,,,,,,,,,,,,,,,,,,,false
2024-09-23,,,,,,,,,,,,,,,,,,,,,,,,,,,,,,,,,,,,,,,,,,,,,,,,,,,,,,,,,,,,,,false
2024-09-24,,,,,,,,,,,,,,,,,,,,,,,,,,,,,,,,,,,,,,,,,,,,,,,,,,,,,,,,,,,,,,false
2024-10-01,,,,,,,,,,,,,,,,,,,,,,,,,,,,,,,,,,,,,,,,,,,,,,,,,,,,,,,,,,,,,,false
2024-10-05,,,,,,,,,,,,,,,,,,,,,,,,,,,,,,,,,,,,,,,,,,,,,,,,,,,,,,,,,,,,,,false
2025-03-19,2849.67,0.00,0.00,108.64,253.21,1341.58,4.55,6.39,51.76,17.70,7.80,107.48,1463.61,2292.60,327.28,1392.54,34.02,164.70,2127.10,1.44,21.88,684.21,3.43,1877.98,4115.44,185.36,3664.30,21.59,284.74,312.28,27.39,8.73,2.34,109.53,102.01,14.01,107.55,529.48,25.88,14.47,34.63,0.30,6.44,1.06,0.04,0.01,11.70,0.16,8.35,1.48,2.03,4.59,7.70,6.47,1.95,3.81,169.06,4.26,1.20,2.96,4.93,true
2025-03-20,2964.15,6.36,12.99,172.26,615.35,818.46,3.38,3.43,34.15,15.71,7.61,107.83,611.50,1491.59,291.46,1144.67,21.96,178.45,1635.88,1.74,10.92,726.63,3.78,1114.89,2858.15,141.65,2634.26,23.82,287.25,321.34,33.65,15.57,5.66,88.95,126.13,21.10,117.83,247.94,27.57,23.25,27.62,0.50,5.39,2.03,0.01,0.01,16.66,0.10,16.56,0.50,1.24,1.61,3.44,3.49,1.10,1.83,156.23,1.76,0.55,1.48,1.97,false
2025-03-21,2818.98,0.00,0.00,44.02,590.45,1168.27,3.37,3.82,24.20,15.66,6.58,104.89,667.94,1888.10,317.83,1253.58,35.48,127.93,1463.87,1.57,8.38,612.00,8.57,1242.21,2352.85,141.02,4567.80,18.52,257.91,295.37,36.62,11.43,2.89,58.70,109.39,14.01,124.54,319.92,19.84,17.20,32.22,0.07,6.45,3.07,0.03,0.01,13.96,0.11,11.12,1.28,1.84,4.25,7.34,6.06,1.86,3.47,146.30,3.99,1.17,2.92,4.66,true
2025-03-22,3599.90,10.60,0.00,111.83,188.21,1642.11,4.08,5.40,46.49,19.06,8.15,107.25,903.40,2052.04,389.68,1388.13,19.49,150.58,1921.43,1.09,25.75,642.05,2.35,1839.15,6746.53,175.90,4991.41,21.70,347.06,381.45,33.74,7.26,2.79,59.65,133.39,16.53,127.15,875.21,38.40,20.34,35.68,0.50,3.19,1.47,0.07,0.02,13.16,0.20,12.91,2.12,3.49,7.59,12.79,12.51,3.63,5.68,217.82,7.35,1.97,5.13,7.81,true
2025-03-23,2982.06,10.60,21.29,144.13,804.94,1303.41,5.61,4.61,31.20,16.92,8.78,111.66,719.14,3281.30,373.09,1539.04,24.50,141.91,1879.89,1.57,13.94,672.75,5.50,2035.03,2755.36,196.33,2468.04,26.35,250.26,278.85,28.32,9.34,2.11,45.47,127.26,33.09,137.23,680.98,28.68,15.00,58.44,2.31,4.69,1.32,0.05,0.02,11.76,0.09,12.35,1.52,3.04,5.91,10.35,9.10,2.94,5.20,150.85,5.39,1.53,4.56,6.67,true
2025-03-24,2729.80,0.00,12.99,109.53,320.27,1359.50,3.42,3.51,25.43,16.26,7.18,104.62,934.39,2611.33,701.08,1185.84,19.21,440.28,1837.35,1.49,12.70,573.31,2.49,1020.23,3318.00,90.83,5282.24,17.12,288.64,318.49,28.45,11.44,1.29,8.00,95.09,9.50,98.16,82.41,8.27,2.19,46.74,0.45,1.88,0.27,0.00,0.00,0.99,0.02,0.97,0.88,1.26,3.29,5.41,4.91,1.22,2.22,169.77,3.19,0.89,1.96,3.39,true
2025-03-25,2962.57,0.00,8.00,70.38,607.24,1807.99,3.94,4.86,76.41,21.29,10.82,104.43,1219.15,2892.18,863.64,1505.83,28.64,1191.09,2287.96,2.18,22.41,942.52,11.64,1756.29,5114.79,193.21,2836.32,25.40,286.04,323.88,36.24,19.70,0.93,23.89,178.44,6.69,114.94,41.70,24.55,5.92,48.28,0.44,2.45,0.72,0.00,0.00,4.41,0.01,4.37,1.58,4.82,6.88,11.54,12.51,3.49,5.85,185.69,6.24,1.81,5.17,7.50,false
2025-03-26,2353.84,0.00,4.00,134.80,452.97,899.41,2.44,3.37,40.37,13.80,6.18,105.37,705.19,1438.89,346.97,1070.44,34.92,232.45,1136.29,1.06,8.11,703.86,2.90,1376.36,2666.41,205.20,2426.70,20.13,140.96,153.20,11.91,8.68,1.33,54.37,72.18,21.16,130.01,587.62,65.37,27.84,23.94,0.41,4.58,2.18,0.35,0.02,24.32,0.11,21.66,1.60,3.14,5.75,10.22,10.13,3.00,4.79,153.97,5.72,1.75,4.20,6.12,false
2025-03-27,2959.81,0.00,0.00,69.94,239.86,475.19,2.01,2.54,24.06,12.23,4.97,103.24,569.57,1070.70,227.85,1006.22,26.12,192.31,1795.00,0.78,3.73,643.62,2.52,601.84,1301.22,84.03,4444.14,19.17,269.69,293.83,23.14,5.75,0.76,18.18,118.69,8.21,145.36,43.75,47.70,10.76,59.13,0.11,2.14,0.46,0.00,0.00,10.08,0.01,8.36,0.35,0.73,1.25,2.30,1.61,0.54,1.50,128.26,1.05,0.25,1.15,1.66,false
2025-03-28,3414.77,0.00,5.49,146.54,418.12,1421.03,3.59,5.15,42.62,16.50,5.93,104.64,834.20,1659.26,224.89,1237.26,21.31,166.29,1926.35,1.00,18.07,584.40,2.69,1556.41,2841.20,136.25,2496.35,19.62,379.69,419.72,39.86,5.52,3.20,67.38,124.27,37.38,129.14,312.31,25.59,20.71,43.34,2.10,3.83,2.12,0.04,0.03,17.68,0.13,17.55,1.75,2.85,6.49,10.57,9.53,2.80,4.70,182.17,5.94,1.77,4.23,6.47,false
2025-03-29,3555.20,0.00,46.68,244.03,414.19,1550.37,3.74,5.01,44.59,17.97,7.30,109.60,893.97,2818.52,281.09,1332.25,26.10,165.55,2078.50,2.24,34.30,792.59,4.67,2297.24,4125.54,230.71,4354.38,39.64,323.50,348.71,24.75,10.87,2.54,124.55,169.33,36.96,148.55,537.85,51.27,14.96,44.60,0.90,2.26,0.60,0.04,0.01,9.22,0.15,8.70,2.53,4.38,8.65,14.63,12.89,4.01,7.04,208.58,7.96,2.09,5.72,9.17,false
2025-03-30,3494.13,0.00,49.26,287.01,723.32,1154.28,3.73,6.27,47.66,13.66,6.62,106.81,1213.10,2360.06,423.13,969.26,29.83,347.82,2021.77,1.62,31.10,703.94,4.80,1739.12,3018.74,127.27,3493.07,26.69,296.40,351.88,54.67,19.94,5.06,37.50,116.69,11.01,167.38,217.27,47.30,23.06,29.64,0.06,3.46,0.77,0.02,0.00,21.56,0.08,11.48,1.87,2.90,6.18,10.19,9.26,2.54,4.64,175.31,5.82,1.36,3.48,6.18,false
2025-03-31,2228.77,9.97,85.25,398.60,151.99,1534.65,2.21,3.23,31.32,12.85,5.69,103.94,703.78,1611.97,300.72,814.67,25.74,342.55,784.61,1.29,7.10,502.03,3.09,999.96,1680.06,192.84,4251.88,17.64,218.94,236.38,16.54,5.24,0.57,60.28,56.85,1.66,89.28,730.16,25.01,7.02,29.89,0.27,2.84,0.36,0.26,0.25,5.08,0.15,2.76,0.71,1.37,2.69,4.75,5.09,1.55,2.47,113.96,2.31,0.82,2.09,2.86,false
2025-04-01,3905.25,0.00,28.42,210.92,465.53,1067.30,4.37,3.58,36.09,14.16,7.59,105.37,799.59,2293.64,478.20,1148.49,29.93,156.95,1713.59,1.32,12.60,639.34,3.75,1403.23,2557.26,143.80,4470.79,18.62,338.24,385.61,33.78,12.94,3.81,80.12,140.73,26.35,185.73,224.76,48.75,14.64,56.44,1.37,4.22,0.83,0.01,0.01,13.30,0.06,13.24,2.11,2.81,6.54,11.05,9.67,2.66,4.75,209.93,6.25,1.88,4.03,6.46,false
2025-04-02,3552.68,15.44,40.03,604.09,481.57,1786.50,3.86,4.78,36.51,17.40,7.82,106.09,910.80,3132.23,463.43,1352.78,25.29,266.96,1786.67,1.93,17.04,781.57,6.36,1719.53,4705.88,156.78,5160.62,20.48,380.97,410.40,29.08,14.03,3.34,149.20,128.66,20.37,129.84,531.57,32.45,11.25,44.40,1.31,2.21,0.50,0.06,0.03,10.30,0.20,6.44,1.72,2.34,5.22,8.84,7.27,2.22,4.63,209.55,4.83,1.42,3.60,5.72,false
2025-04-03,3286.63,0.00,47.36,319.38,383.76,1778.56,3.90,4.87,54.59,18.68,8.42,107.65,818.89,2846.83,367.69,1237.16,30.71,226.78,2218.10,1.86,10.35,757.79,5.11,2247.66,4244.73,206.52,2964.87,23.76,238.51,262.03,22.84,11.31,1.31,37.99,133.20,17.26,168.45,467.55,60.59,15.61,54.05,1.67,2.89,0.97,0.11,0.09,13.30,0.17,12.42,2.04,3.88,7.82,12.60,11.54,3.57,6.42,189.90,6.92,2.10,5.55,8.14,false
2025-04-04,2928.82,14.06,77.74,589.72,871.93,2031.05,3.99,4.37,49.31,18.63,8.39,110.16,889.74,1933.21,411.34,1184.61,28.08,441.19,1281.57,2.01,15.64,782.52,5.55,1818.65,4768.74,168.59,2664.93,29.98,247.35,300.17,39.30,23.22,5.72,95.70,100.76,33.70,127.38,331.75,54.45,18.51,31.02,1.20,3.03,1.39,0.01,0.02,14.60,0.21,14.36,1.24,3.34,4.91,9.10,9.23,2.80,4.93,149.87,4.75,1.36,4.07,5.82,false
2025-04-05,3946.91,10.60,119.49,342.85,777.09,1878.38,4.58,4.56,44.15,17.50,7.61,105.48,969.55,2105.37,423.04,1159.27,21.48,262.25,1071.26,2.47,23.22,746.79,6.81,1616.69,3225.68,210.36,2364.47,22.90,326.19,369.60,42.42,19.34,5.84,87.27,151.93,18.52,201.45,789.47,50.67,37.10,62.02,0.35,6.09,2.57,0.12,0.03,30.11,0.25,24.19,1.78,2.93,5.32,8.30,7.73,2.70,4.95,157.36,4.55,1.29,3.66,5.65,false
2025-04-06,3693.02,13.37,73.10,144.35,467.84,1550.26,4.12,4.25,47.34,17.02,7.47,108.76,1107.31,1861.38,1251.08,1097.91,28.33,208.07,1437.70,1.66,29.28,719.25,6.29,1893.66,4262.71,192.95,4796.21,25.62,376.25,409.17,32.39,8.68,6.22,155.90,134.20,54.34,156.98,552.00,36.33,36.08,52.64,2.73,6.82,3.81,0.56,0.21,29.05,0.16,27.74,1.22,2.76,4.77,8.16,7.55,2.53,4.49,144.00,4.12,1.21,3.80,5.32,false
2025-04-07,2694.04,0.12,18.21,225.76,515.94,1144.92,2.55,3.73,27.45,16.17,5.82,105.61,702.29,2129.75,270.12,1465.98,21.87,146.76,1049.89,1.75,14.17,338.60,3.62,1510.54,3627.00,164.86,4565.53,20.08,234.74,266.69,30.19,15.91,5.05,35.16,133.06,68.03,140.60,692.02,34.57,13.50,51.60,1.71,2.91,0.98,0.19,0.11,12.38,0.25,10.23,0.95,1.77,3.21,5.62,4.95,1.79,3.23,104.32,2.84,0.79,2.70,3.74,false
2025-04-08,3069.02,0.00,6.97,194.42,516.06,1127.49,3.15,3.59,39.13,17.61,7.64,106.81,723.17,2148.57,259.66,1030.29,26.16,251.84,1373.69,2.25,17.81,382.36,3.36,1584.70,4833.67,177.78,5528.14,27.66,253.56,294.24,32.06,15.86,8.71,113.80,88.04,33.96,156.52,591.05,39.86,40.88,44.34,2.34,5.88,4.21,0.04,0.01,33.12,0.26,32.79,1.21,2.65,4.22,7.25,6.81,2.21,4.05,132.67,3.71,0.89,3.24,4.87,false
2025-04-09,2633.76,0.00,11.62,111.61,324.89,1541.60,3.44,4.50,36.88,15.42,5.85,106.55,799.26,1486.47,253.50,938.19,29.29,306.14,1448.15,7.28,14.68,385.12,4.23,1798.65,3384.87,350.22,4452.86,25.00,191.42,216.12,24.13,11.08,4.65,78.10,89.22,49.97,143.30,1050.93,33.01,42.88,37.64,1.77,8.05,4.83,1.12,0.47,35.56,0.12,34.63,1.41,2.73,4.97,8.56,8.02,2.52,4.67,130.46,4.66,1.37,4.02,5.49,false
2025-04-10,2405.63,10.60,9.29,176.14,1073.28,954.56,3.49,3.26,34.53,14.37,6.31,103.20,852.25,1148.24,180.51,874.75,33.59,142.58,1203.52,2.03,18.67,388.02,9.07,1413.67,2910.13,144.09,2409.52,21.47,269.63,305.13,34.86,19.32,7.05,96.09,106.91,25.33,96.56,84.27,22.78,23.07,35.16,0.94,6.85,5.23,0.00,0.01,17.47,0.02,17.43,0.83,1.77,2.90,5.20,3.50,1.42,3.14,76.88,2.50,0.90,2.48,3.49,false
2025-04-11,3729.78,13.29,17.89,217.05,1066.25,1149.52,4.77,3.92,49.78,17.27,8.21,111.27,985.70,2962.52,232.35,1569.90,31.60,242.87,2077.04,2.35,28.54,468.43,5.84,2461.26,4200.83,257.48,6368.81,28.72,329.23,375.61,45.98,21.40,9.11,154.36,87.57,48.08,171.47,517.79,48.18,26.25,56.38,2.53,8.11,3.64,1.63,0.86,20.51,1.40,17.20,1.56,3.66,6.29,11.27,9.73,3.36,6.23,157.24,5.45,1.74,5.11,7.09,false
2025-04-12,2056.70,0.11,58.16,166.78,346.14,1010.80,2.61,3.16,21.71,13.93,5.94,104.08,723.50,1784.30,318.98,979.96,20.28,202.61,1011.12,1.09,9.22,504.56,3.43,799.03,2076.95,126.99,2989.76,16.85,227.79,256.12,27.60,11.32,3.01,47.28,81.12,31.19,84.09,521.04,16.99,13.82,25.10,0.77,3.07,1.41,0.04,0.01,11.62,0.17,11.44,0.69,1.03,2.08,3.44,2.55,1.02,2.12,85.03,1.84,0.59,1.61,2.42,false
2025-04-13,3342.43,0.00,13.71,122.72,385.26,1482.03,4.41,3.83,40.56,15.28,7.19,104.33,874.41,2283.92,403.30,1106.67,23.31,287.40,1073.56,1.56,19.99,607.62,3.55,1280.48,3527.57,175.64,5033.68,20.07,367.98,398.86,29.90,10.68,4.14,61.95,167.92,58.63,144.95,482.08,35.69,21.36,57.41,2.04,5.19,2.13,0.22,0.11,17.25,0.14,15.79,1.14,2.63,4.06,6.70,6.28,2.12,3.75,118.56,3.48,1.03,3.15,4.45,false
2025-04-14,2465.49,0.00,20.07,100.02,358.81,1026.20,2.25,4.39,24.50,14.26,7.05,106.16,529.68,1468.25,274.04,1359.70,35.73,117.55,1085.62,0.95,6.01,469.42,1.95,1012.36,1695.36,128.83,3274.63,16.05,271.65,301.56,29.53,8.10,3.67,21.84,125.64,9.88,99.78,509.63,28.35,8.97,36.65,1.48,3.18,0.85,0.32,0.16,7.03,0.17,6.90,0.67,1.41,2.71,4.68,4.14,1.43,2.57,101.51,2.45,0.72,2.27,3.22,false
2025-04-15,3854.86,0.00,7.17,344.57,634.10,2319.80,4.15,4.97,54.09,21.23,10.04,109.81,696.60,2780.72,347.78,1331.59,46.95,335.55,1849.39,3.79,20.11,840.72,6.14,2304.26,6286.92,217.41,3275.41,22.73,334.04,376.72,41.75,14.94,8.29,132.87,142.58,27.13,191.27,325.52,54.03,59.34,46.80,1.75,9.91,6.08,0.25,0.11,51.59,0.14,47.93,1.82,3.38,6.74,10.79,10.37,3.10,5.30,175.81,6.09,1.77,4.54,7.07,false
2025-04-16,2892.15,0.00,3.07,165.17,448.90,1478.51,3.41,4.18,37.78,17.05,7.36,108.48,759.77,2614.56,318.32,1707.17,33.47,224.77,1797.24,1.62,11.15,668.09,4.25,1612.88,4361.58,137.15,2188.15,18.87,237.86,276.42,37.09,15.91,3.55,34.75,128.07,18.46,126.81,239.86,33.36,17.00,33.04,0.38,6.72,0.89,1.11,0.87,12.14,0.03,7.02,1.29,2.17,4.76,7.86,7.31,2.09,3.70,176.34,4.49,1.22,3.18,5.02,false
2025-04-17,3086.33,0.00,19.96,176.90,371.58,1245.25,3.60,4.40,39.05,18.06,7.92,107.75,699.77,2572.77,299.91,1338.81,26.74,214.43,1680.22,1.70,13.31,663.74,3.00,1666.23,3708.90,184.00,3759.15,20.95,227.59,254.37,26.35,9.42,4.29,63.13,95.22,19.60,160.23,709.28,37.08,23.60,67.24,0.40,3.65,1.64,0.11,0.02,20.79,0.18,12.77,2.02,3.23,6.79,10.81,10.14,3.11,5.39,166.03,6.11,1.72,4.50,7.01,false
2025-04-18,2962.11,0.54,28.42,104.87,324.85,2153.56,6.37,4.00,49.95,17.80,8.96,107.07,985.16,1736.95,620.97,1151.63,31.85,184.09,1426.77,1.36,17.14,742.19,3.79,1350.04,2811.74,175.68,7339.04,24.82,272.90,313.83,26.20,6.99,4.81,90.46,142.89,31.61,123.93,188.09,55.76,11.27,32.65,0.61,2.51,0.40,0.00,0.00,9.96,0.03,3.44,1.20,3.01,4.06,7.08,6.58,2.05,3.84,155.67,3.56,0.90,3.06,4.61,false
2025-04-19,2875.38,0.15,7.30,255.56,587.30,1456.00,3.40,4.08,51.91,17.55,7.67,107.68,669.07,2868.33,359.91,864.05,25.70,150.54,1200.87,1.79,15.72,739.54,4.51,1849.19,3968.41,139.42,4893.18,25.29,211.12,254.31,42.25,12.11,2.61,22.92,111.60,27.50,150.98,259.90,42.29,12.36,47.69,1.06,3.94,0.46,0.05,0.03,10.14,0.05,9.59,0.65,1.86,2.60,4.61,3.97,1.15,2.90,150.11,2.25,0.63,2.35,3.05,false
2025-04-20,3637.26,0.15,28.55,148.15,257.64,1777.25,3.67,4.52,35.86,16.60,6.67,105.46,686.54,2661.78,302.17,1049.00,32.56,131.69,1881.70,1.69,23.08,721.27,4.67,1755.18,3844.10,190.04,6424.90,21.13,347.42,400.60,52.91,8.64,2.52,60.06,180.88,61.33,160.26,539.62,34.73,17.14,48.28,0.24,5.97,0.53,0.00,0.00,7.33,0.01,6.97,1.08,1.99,3.99,6.80,6.05,1.62,3.09,176.97,3.79,1.07,2.71,4.19,false
2025-04-21,3413.73,0.00,34.04,143.80,534.76,2335.87,2.93,4.99,36.38,17.22,6.98,109.82,692.87,3636.70,270.77,1276.02,34.33,173.44,2285.69,2.39,21.70,744.73,5.06,2406.80,4687.36,195.57,3538.40,23.01,286.86,324.97,37.69,10.58,2.84,50.46,155.22,46.04,164.25,549.45,55.96,19.95,46.78,1.45,5.19,0.81,0.73,0.30,14.83,0.38,10.81,1.42,2.56,5.29,9.29,8.57,2.42,4.35,177.90,5.04,1.46,3.87,5.72,false
2025-04-22,3097.28,0.00,1.29,160.03,496.74,1836.22,3.11,4.60,49.43,17.73,6.63,105.49,793.13,1274.74,258.09,1063.73,30.67,222.75,1679.96,1.65,13.20,638.56,3.91,1829.17,3151.12,196.37,2576.80,22.44,235.31,258.05,21.64,10.37,3.91,94.40,121.35,32.63,158.66,258.40,71.50,17.08,30.67,0.67,4.98,0.59,0.04,0.01,15.62,0.15,9.78,1.82,3.24,6.33,10.27,9.32,2.89,5.07,163.15,5.64,1.58,4.14,6.56,false
2025-04-23,3299.43,0.00,30.47,87.27,341.41,1011.44,2.48,3.26,28.14,12.94,5.91,102.75,578.97,2642.97,222.32,858.93,23.02,154.67,985.40,1.24,7.49,584.96,4.07,1056.86,1909.22,187.15,3811.80,17.29,346.20,390.88,44.44,9.08,2.17,100.66,104.97,19.53,122.24,203.39,28.61,9.97,29.30,0.41,3.13,0.42,0.01,0.00,9.00,0.07,6.57,1.63,1.73,4.49,7.50,5.69,1.54,3.42,178.95,4.48,1.32,2.42,4.39,false
2025-04-24,3825.50,0.10,15.50,214.65,868.65,2032.25,4.51,5.34,54.70,20.07,8.33,107.40,1030.15,3880.28,300.19,1215.68,28.17,183.44,2377.01,2.94,32.61,901.99,7.95,2547.14,6047.65,192.04,3974.49,28.24,342.66,389.97,46.71,30.62,4.73,129.36,136.34,49.33,180.40,772.79,49.66,19.08,79.63,4.45,3.32,1.30,0.12,0.04,15.49,0.24,13.42,2.32,3.85,8.13,14.21,12.48,3.68,6.72,178.86,7.67,2.19,5.56,8.58,false
2025-04-25,,,,,,,,,,,,,,,,,,,,,,,,,,,,,,,,,,,,,,,,,,,,,,,,,,,,,,,,,,,,,,false
2025-04-26,,,,,,,,,,,,,,,,,,,,,,,,,,,,,,,,,,,,,,,,,,,,,,,,,,,,,,,,,,,,,,false
2025-04-27,,,,,,,,,,,,,,,,,,,,,,,,,,,,,,,,,,,,,,,,,,,,,,,,,,,,,,,,,,,,,,false
2025-04-28,,,,,,,,,,,,,,,,,,,,,,,,,,,,,,,,,,,,,,,,,,,,,,,,,,,,,,,,,,,,,,false
2025-04-29,,,,,,,,,,,,,,,,,,,,,,,,,,,,,,,,,,,,,,,,,,,,,,,,,,,,,,,,,,,,,,false
2025-04-30,,,,,,,,,,,,,,,,,,,,,,,,,,,,,,,,,,,,,,,,,,,,,,,,,,,,,,,,,,,,,,false
2025-05-01,,,,,,,,,,,,,,,,,,,,,,,,,,,,,,,,,,,,,,,,,,,,,,,,,,,,,,,,,,,,,,false
2025-05-02,,,,,,,,,,,,,,,,,,,,,,,,,,,,,,,,,,,,,,,,,,,,,,,,,,,,,,,,,,,,,,false
2025-05-03,,,,,,,,,,,,,,,,,,,,,,,,,,,,,,,,,,,,,,,,,,,,,,,,,,,,,,,,,,,,,,false
2025-05-04,,,,,,,,,,,,,,,,,,,,,,,,,,,,,,,,,,,,,,,,,,,,,,,,,,,,,,,,,,,,,,false
2025-05-05,,,,,,,,,,,,,,,,,,,,,,,,,,,,,,,,,,,,,,,,,,,,,,,,,,,,,,,,,,,,,,false
2025-05-06,,,,,,,,,,,,,,,,,,,,,,,,,,,,,,,,,,,,,,,,,,,,,,,,,,,,,,,,,,,,,,false
2025-05-07,,,,,,,,,,,,,,,,,,,,,,,,,,,,,,,,,,,,,,,,,,,,,,,,,,,,,,,,,,,,,,false
2025-05-08,,,,,,,,,,,,,,,,,,,,,,,,,,,,,,,,,,,,,,,,,,,,,,,,,,,,,,,,,,,,,,false
2025-05-09,,,,,,,,,,,,,,,,,,,,,,,,,,,,,,,,,,,,,,,,,,,,,,,,,,,,,,,,,,,,,,false
2025-05-10,,,,,,,,,,,,,,,,,,,,,,,,,,,,,,,,,,,,,,,,,,,,,,,,,,,,,,,,,,,,,,false
2025-05-11,,,,,,,,,,,,,,,,,,,,,,,,,,,,,,,,,,,,,,,,,,,,,,,,,,,,,,,,,,,,,,false
2025-05-12,,,,,,,,,,,,,,,,,,,,,,,,,,,,,,,,,,,,,,,,,,,,,,,,,,,,,,,,,,,,,,false
2025-05-13,,,,,,,,,,,,,,,,,,,,,,,,,,,,,,,,,,,,,,,,,,,,,,,,,,,,,,,,,,,,,,false
2025-05-14,,,,,,,,,,,,,,,,,,,,,,,,,,,,,,,,,,,,,,,,,,,,,,,,,,,,,,,,,,,,,,false
2025-05-15,,,,,,,,,,,,,,,,,,,,,,,,,,,,,,,,,,,,,,,,,,,,,,,,,,,,,,,,,,,,,,false
2025-05-16,,,,,,,,,,,,,,,,,,,,,,,,,,,,,,,,,,,,,,,,,,,,,,,,,,,,,,,,,,,,,,false
2025-05-17,,,,,,,,,,,,,,,,,,,,,,,,,,,,,,,,,,,,,,,,,,,,,,,,,,,,,,,,,,,,,,false
2025-05-18,,,,,,,,,,,,,,,,,,,,,,,,,,,,,,,,,,,,,,,,,,,,,,,,,,,,,,,,,,,,,,false
2025-05-19,,,,,,,,,,,,,,,,,,,,,,,,,,,,,,,,,,,,,,,,,,,,,,,,,,,,,,,,,,,,,,false
2025-05-20,,,,,,,,,,,,,,,,,,,,,,,,,,,,,,,,,,,,,,,,,,,,,,,,,,,,,,,,,,,,,,false
2025-05-21,,,,,,,,,,,,,,,,,,,,,,,,,,,,,,,,,,,,,,,,,,,,,,,,,,,,,,,,,,,,,,false
2025-05-22,,,,,,,,,,,,,,,,,,,,,,,,,,,,,,,,,,,,,,,,,,,,,,,,,,,,,,,,,,,,,,false
2025-05-23,,,,,,,,,,,,,,,,,,,,,,,,,,,,,,,,,,,,,,,,,,,,,,,,,,,,,,,,,,,,,,false
2025-05-24,,,,,,,,,,,,,,,,,,,,,,,,,,,,,,,,,,,,,,,,,,,,,,,,,,,,,,,,,,,,,,false
2025-05-25,,,,,,,,,,,,,,,,,,,,,,,,,,,,,,,,,,,,,,,,,,,,,,,,,,,,,,,,,,,,,,false
2025-05-26,,,,,,,,,,,,,,,,,,,,,,,,,,,,,,,,,,,,,,,,,,,,,,,,,,,,,,,,,,,,,,false
2025-05-27,,,,,,,,,,,,,,,,,,,,,,,,,,,,,,,,,,,,,,,,,,,,,,,,,,,,,,,,,,,,,,false
2025-05-28,,,,,,,,,,,,,,,,,,,,,,,,,,,,,,,,,,,,,,,,,,,,,,,,,,,,,,,,,,,,,,false
2025-05-29,,,,,,,,,,,,,,,,,,,,,,,,,,,,,,,,,,,,,,,,,,,,,,,,,,,,,,,,,,,,,,false
2025-05-30,,,,,,,,,,,,,,,,,,,,,,,,,,,,,,,,,,,,,,,,,,,,,,,,,,,,,,,,,,,,,,false
2025-05-31,,,,,,,,,,,,,,,,,,,,,,,,,,,,,,,,,,,,,,,,,,,,,,,,,,,,,,,,,,,,,,false
2025-06-01,,,,,,,,,,,,,,,,,,,,,,,,,,,,,,,,,,,,,,,,,,,,,,,,,,,,,,,,,,,,,,false
2025-06-02,,,,,,,,,,,,,,,,,,,,,,,,,,,,,,,,,,,,,,,,,,,,,,,,,,,,,,,,,,,,,,false
2025-06-03,,,,,,,,,,,,,,,,,,,,,,,,,,,,,,,,,,,,,,,,,,,,,,,,,,,,,,,,,,,,,,false
2025-06-04,,,,,,,,,,,,,,,,,,,,,,,,,,,,,,,,,,,,,,,,,,,,,,,,,,,,,,,,,,,,,,false
2025-06-05,,,,,,,,,,,,,,,,,,,,,,,,,,,,,,,,,,,,,,,,,,,,,,,,,,,,,,,,,,,,,,false
2025-06-06,,,,,,,,,,,,,,,,,,,,,,,,,,,,,,,,,,,,,,,,,,,,,,,,,,,,,,,,,,,,,,false
2025-06-07,,,,,,,,,,,,,,,,,,,,,,,,,,,,,,,,,,,,,,,,,,,,,,,,,,,,,,,,,,,,,,false
2025-06-08,,,,,,,,,,,,,,,,,,,,,,,,,,,,,,,,,,,,,,,,,,,,,,,,,,,,,,,,,,,,,,false
2025-06-09,,,,,,,,,,,,,,,,,,,,,,,,,,,,,,,,,,,,,,,,,,,,,,,,,,,,,,,,,,,,,,false
2025-06-10,,,,,,,,,,,,,,,,,,,,,,,,,,,,,,,,,,,,,,,,,,,,,,,,,,,,,,,,,,,,,,false
2025-06-11,,,,,,,,,,,,,,,,,,,,,,,,,,,,,,,,,,,,,,,,,,,,,,,,,,,,,,,,,,,,,,false
2025-06-12,,,,,,,,,,,,,,,,,,,,,,,,,,,,,,,,,,,,,,,,,,,,,,,,,,,,,,,,,,,,,,false
2025-06-13,,,,,,,,,,,,,,,,,,,,,,,,,,,,,,,,,,,,,,,,,,,,,,,,,,,,,,,,,,,,,,false
2025-06-14,,,,,,,,,,,,,,,,,,,,,,,,,,,,,,,,,,,,,,,,,,,,,,,,,,,,,,,,,,,,,,false
2025-06-15,,,,,,,,,,,,,,,,,,,,,,,,,,,,,,,,,,,,,,,,,,,,,,,,,,,,,,,,,,,,,,false
2025-06-16,,,,,,,,,,,,,,,,,,,,,,,,,,,,,,,,,,,,,,,,,,,,,,,,,,,,,,,,,,,,,,false
2025-06-17,,,,,,,,,,,,,,,,,,,,,,,,,,,,,,,,,,,,,,,,,,,,,,,,,,,,,,,,,,,,,,false
2025-06-18,,,,,,,,,,,,,,,,,,,,,,,,,,,,,,,,,,,,,,,,,,,,,,,,,,,,,,,,,,,,,,false
2025-06-19,,,,,,,,,,,,,,,,,,,,,,,,,,,,,,,,,,,,,,,,,,,,,,,,,,,,,,,,,,,,,,false
2025-06-20,,,,,,,,,,,,,,,,,,,,,,,,,,,,,,,,,,,,,,,,,,,,,,,,,,,,,,,,,,,,,,false
2025-06-21,,,,,,,,,,,,,,,,,,,,,,,,,,,,,,,,,,,,,,,,,,,,,,,,,,,,,,,,,,,,,,false
2025-06-22,,,,,,,,,,,,,,,,,,,,,,,,,,,,,,,,,,,,,,,,,,,,,,,,,,,,,,,,,,,,,,false
2025-06-23,,,,,,,,,,,,,,,,,,,,,,,,,,,,,,,,,,,,,,,,,,,,,,,,,,,,,,,,,,,,,,false
2025-06-24,,,,,,,,,,,,,,,,,,,,,,,,,,,,,,,,,,,,,,,,,,,,,,,,,,,,,,,,,,,,,,false
2025-06-25,,,,,,,,,,,,,,,,,,,,,,,,,,,,,,,,,,,,,,,,,,,,,,,,,,,,,,,,,,,,,,false
2025-06-26,,,,,,,,,,,,,,,,,,,,,,,,,,,,,,,,,,,,,,,,,,,,,,,,,,,,,,,,,,,,,,false
2025-06-27,,,,,,,,,,,,,,,,,,,,,,,,,,,,,,,,,,,,,,,,,,,,,,,,,,,,,,,,,,,,,,false
2025-06-28,,,,,,,,,,,,,,,,,,,,,,,,,,,,,,,,,,,,,,,,,,,,,,,,,,,,,,,,,,,,,,false
2025-06-29,,,,,,,,,,,,,,,,,,,,,,,,,,,,,,,,,,,,,,,,,,,,,,,,,,,,,,,,,,,,,,false
2025-06-30,,,,,,,,,,,,,,,,,,,,,,,,,,,,,,,,,,,,,,,,,,,,,,,,,,,,,,,,,,,,,,false
2025-07-01,,,,,,,,,,,,,,,,,,,,,,,,,,,,,,,,,,,,,,,,,,,,,,,,,,,,,,,,,,,,,,false
2025-07-02,,,,,,,,,,,,,,,,,,,,,,,,,,,,,,,,,,,,,,,,,,,,,,,,,,,,,,,,,,,,,,false
2025-07-03,,,,,,,,,,,,,,,,,,,,,,,,,,,,,,,,,,,,,,,,,,,,,,,,,,,,,,,,,,,,,,false
2025-07-04,,,,,,,,,,,,,,,,,,,,,,,,,,,,,,,,,,,,,,,,,,,,,,,,,,,,,,,,,,,,,,false
2025-07-05,,,,,,,,,,,,,,,,,,,,,,,,,,,,,,,,,,,,,,,,,,,,,,,,,,,,,,,,,,,,,,false
2025-07-06,,,,,,,,,,,,,,,,,,,,,,,,,,,,,,,,,,,,,,,,,,,,,,,,,,,,,,,,,,,,,,false
2025-07-07,,,,,,,,,,,,,,,,,,,,,,,,,,,,,,,,,,,,,,,,,,,,,,,,,,,,,,,,,,,,,,false
2025-07-08,,,,,,,,,,,,,,,,,,,,,,,,,,,,,,,,,,,,,,,,,,,,,,,,,,,,,,,,,,,,,,false
2025-07-09,,,,,,,,,,,,,,,,,,,,,,,,,,,,,,,,,,,,,,,,,,,,,,,,,,,,,,,,,,,,,,false
2025-07-10,,,,,,,,,,,,,,,,,,,,,,,,,,,,,,,,,,,,,,,,,,,,,,,,,,,,,,,,,,,,,,false
2025-07-11,,,,,,,,,,,,,,,,,,,,,,,,,,,,,,,,,,,,,,,,,,,,,,,,,,,,,,,,,,,,,,false
2025-07-12,,,,,,,,,,,,,,,,,,,,,,,,,,,,,,,,,,,,,,,,,,,,,,,,,,,,,,,,,,,,,,false
2025-07-13,,,,,,,,,,,,,,,,,,,,,,,,,,,,,,,,,,,,,,,,,,,,,,,,,,,,,,,,,,,,,,false
2025-07-14,,,,,,,,,,,,,,,,,,,,,,,,,,,,,,,,,,,,,,,,,,,,,,,,,,,,,,,,,,,,,,false
2025-07-15,,,,,,,,,,,,,,,,,,,,,,,,,,,,,,,,,,,,,,,,,,,,,,,,,,,,,,,,,,,,,,false
2025-07-16,,,,,,,,,,,,,,,,,,,,,,,,,,,,,,,,,,,,,,,,,,,,,,,,,,,,,,,,,,,,,,false
2025-07-17,,,,,,,,,,,,,,,,,,,,,,,,,,,,,,,,,,,,,,,,,,,,,,,,,,,,,,,,,,,,,,false
2025-07-18,,,,,,,,,,,,,,,,,,,,,,,,,,,,,,,,,,,,,,,,,,,,,,,,,,,,,,,,,,,,,,false
2025-07-19,,,,,,,,,,,,,,,,,,,,,,,,,,,,,,,,,,,,,,,,,,,,,,,,,,,,,,,,,,,,,,false
2025-07-20,,,,,,,,,,,,,,,,,,,,,,,,,,,,,,,,,,,,,,,,,,,,,,,,,,,,,,,,,,,,,,false
2025-07-21,,,,,,,,,,,,,,,,,,,,,,,,,,,,,,,,,,,,,,,,,,,,,,,,,,,,,,,,,,,,,,false
2025-07-22,,,,,,,,,,,,,,,,,,,,,,,,,,,,,,,,,,,,,,,,,,,,,,,,,,,,,,,,,,,,,,false
2025-07-23,,,,,,,,,,,,,,,,,,,,,,,,,,,,,,,,,,,,,,,,,,,,,,,,,,,,,,,,,,,,,,false
2025-07-24,,,,,,,,,,,,,,,,,,,,,,,,,,,,,,,,,,,,,,,,,,,,,,,,,,,,,,,,,,,,,,false
2025-07-25,,,,,,,,,,,,,,,,,,,,,,,,,,,,,,,,,,,,,,,,,,,,,,,,,,,,,,,,,,,,,,false
2025-07-26,,,,,,,,,,,,,,,,,,,,,,,,,,,,,,,,,,,,,,,,,,,,,,,,,,,,,,,,,,,,,,false
2025-07-27,,,,,,,,,,,,,,,,,,,,,,,,,,,,,,,,,,,,,,,,,,,,,,,,,,,,,,,,,,,,,,false
2025-07-28,,,,,,,,,,,,,,,,,,,,,,,,,,,,,,,,,,,,,,,,,,,,,,,,,,,,,,,,,,,,,,false
2025-07-29,,,,,,,,,,,,,,,,,,,,,,,,,,,,,,,,,,,,,,,,,,,,,,,,,,,,,,,,,,,,,,false
2025-07-30,,,,,,,,,,,,,,,,,,,,,,,,,,,,,,,,,,,,,,,,,,,,,,,,,,,,,,,,,,,,,,false
2025-07-31,,,,,,,,,,,,,,,,,,,,,,,,,,,,,,,,,,,,,,,,,,,,,,,,,,,,,,,,,,,,,,false
2025-08-01,,,,,,,,,,,,,,,,,,,,,,,,,,,,,,,,,,,,,,,,,,,,,,,,,,,,,,,,,,,,,,false
2025-08-02,,,,,,,,,,,,,,,,,,,,,,,,,,,,,,,,,,,,,,,,,,,,,,,,,,,,,,,,,,,,,,false
2025-08-03,,,,,,,,,,,,,,,,,,,,,,,,,,,,,,,,,,,,,,,,,,,,,,,,,,,,,,,,,,,,,,false
2025-08-04,,,,,,,,,,,,,,,,,,,,,,,,,,,,,,,,,,,,,,,,,,,,,,,,,,,,,,,,,,,,,,false
2025-08-05,,,,,,,,,,,,,,,,,,,,,,,,,,,,,,,,,,,,,,,,,,,,,,,,,,,,,,,,,,,,,,false
2025-08-06,,,,,,,,,,,,,,,,,,,,,,,,,,,,,,,,,,,,,,,,,,,,,,,,,,,,,,,,,,,,,,false
2025-08-07,,,,,,,,,,,,,,,,,,,,,,,,,,,,,,,,,,,,,,,,,,,,,,,,,,,,,,,,,,,,,,false
2025-08-08,,,,,,,,,,,,,,,,,,,,,,,,,,,,,,,,,,,,,,,,,,,,,,,,,,,,,,,,,,,,,,false
2025-08-09,,,,,,,,,,,,,,,,,,,,,,,,,,,,,,,,,,,,,,,,,,,,,,,,,,,,,,,,,,,,,,false
2025-08-10,,,,,,,,,,,,,,,,,,,,,,,,,,,,,,,,,,,,,,,,,,,,,,,,,,,,,,,,,,,,,,false
2025-08-11,,,,,,,,,,,,,,,,,,,,,,,,,,,,,,,,,,,,,,,,,,,,,,,,,,,,,,,,,,,,,,false
2025-08-12,,,,,,,,,,,,,,,,,,,,,,,,,,,,,,,,,,,,,,,,,,,,,,,,,,,,,,,,,,,,,,false
2025-08-13,,,,,,,,,,,,,,,,,,,,,,,,,,,,,,,,,,,,,,,,,,,,,,,,,,,,,,,,,,,,,,false
2025-08-14,,,,,,,,,,,,,,,,,,,,,,,,,,,,,,,,,,,,,,,,,,,,,,,,,,,,,,,,,,,,,,false
2025-08-15,,,,,,,,,,,,,,,,,,,,,,,,,,,,,,,,,,,,,,,,,,,,,,,,,,,,,,,,,,,,,,false
2025-08-16,,,,,,,,,,,,,,,,,,,,,,,,,,,,,,,,,,,,,,,,,,,,,,,,,,,,,,,,,,,,,,false
2025-08-17,,,,,,,,,,,,,,,,,,,,,,,,,,,,,,,,,,,,,,,,,,,,,,,,,,,,,,,,,,,,,,false
2025-08-18,,,,,,,,,,,,,,,,,,,,,,,,,,,,,,,,,,,,,,,,,,,,,,,,,,,,,,,,,,,,,,false
2025-08-19,,,,,,,,,,,,,,,,,,,,,,,,,,,,,,,,,,,,,,,,,,,,,,,,,,,,,,,,,,,,,,false
2025-08-20,,,,,,,,,,,,,,,,,,,,,,,,,,,,,,,,,,,,,,,,,,,,,,,,,,,,,,,,,,,,,,false
2025-08-21,,,,,,,,,,,,,,,,,,,,,,,,,,,,,,,,,,,,,,,,,,,,,,,,,,,,,,,,,,,,,,false
2025-08-22,,,,,,,,,,,,,,,,,,,,,,,,,,,,,,,,,,,,,,,,,,,,,,,,,,,,,,,,,,,,,,false
2025-08-23,,,,,,,,,,,,,,,,,,,,,,,,,,,,,,,,,,,,,,,,,,,,,,,,,,,,,,,,,,,,,,false
2025-08-24,,,,,,,,,,,,,,,,,,,,,,,,,,,,,,,,,,,,,,,,,,,,,,,,,,,,,,,,,,,,,,false
2025-08-25,,,,,,,,,,,,,,,,,,,,,,,,,,,,,,,,,,,,,,,,,,,,,,,,,,,,,,,,,,,,,,false
2025-08-26,,,,,,,,,,,,,,,,,,,,,,,,,,,,,,,,,,,,,,,,,,,,,,,,,,,,,,,,,,,,,,false
2025-08-27,,,,,,,,,,,,,,,,,,,,,,,,,,,,,,,,,,,,,,,,,,,,,,,,,,,,,,,,,,,,,,false
2025-08-28,,,,,,,,,,,,,,,,,,,,,,,,,,,,,,,,,,,,,,,,,,,,,,,,,,,,,,,,,,,,,,false
2025-08-29,,,,,,,,,,,,,,,,,,,,,,,,,,,,,,,,,,,,,,,,,,,,,,,,,,,,,,,,,,,,,,false
2025-08-30,,,,,,,,,,,,,,,,,,,,,,,,,,,,,,,,,,,,,,,,,,,,,,,,,,,,,,,,,,,,,,false
2025-08-31,,,,,,,,,,,,,,,,,,,,,,,,,,,,,,,,,,,,,,,,,,,,,,,,,,,,,,,,,,,,,,false
2025-09-01,,,,,,,,,,,,,,,,,,,,,,,,,,,,,,,,,,,,,,,,,,,,,,,,,,,,,,,,,,,,,,false
2025-09-02,,,,,,,,,,,,,,,,,,,,,,,,,,,,,,,,,,,,,,,,,,,,,,,,,,,,,,,,,,,,,,false
2025-09-03,,,,,,,,,,,,,,,,,,,,,,,,,,,,,,,,,,,,,,,,,,,,,,,,,,,,,,,,,,,,,,false
2025-09-04,,,,,,,,,,,,,,,,,,,,,,,,,,,,,,,,,,,,,,,,,,,,,,,,,,,,,,,,,,,,,,false
2025-09-05,,,,,,,,,,,,,,,,,,,,,,,,,,,,,,,,,,,,,,,,,,,,,,,,,,,,,,,,,,,,,,false
2025-09-06,,,,,,,,,,,,,,,,,,,,,,,,,,,,,,,,,,,,,,,,,,,,,,,,,,,,,,,,,,,,,,false
2025-09-07,,,,,,,,,,,,,,,,,,,,,,,,,,,,,,,,,,,,,,,,,,,,,,,,,,,,,,,,,,,,,,false
2025-09-08,,,,,,,,,,,,,,,,,,,,,,,,,,,,,,,,,,,,,,,,,,,,,,,,,,,,,,,,,,,,,,false
2025-09-09,,,,,,,,,,,,,,,,,,,,,,,,,,,,,,,,,,,,,,,,,,,,,,,,,,,,,,,,,,,,,,false
2025-09-10,,,,,,,,,,,,,,,,,,,,,,,,,,,,,,,,,,,,,,,,,,,,,,,,,,,,,,,,,,,,,,false
2025-09-11,,,,,,,,,,,,,,,,,,,,,,,,,,,,,,,,,,,,,,,,,,,,,,,,,,,,,,,,,,,,,,false
2025-09-12,,,,,,,,,,,,,,,,,,,,,,,,,,,,,,,,,,,,,,,,,,,,,,,,,,,,,,,,,,,,,,false
2025-09-13,,,,,,,,,,,,,,,,,,,,,,,,,,,,,,,,,,,,,,,,,,,,,,,,,,,,,,,,,,,,,,false
2025-09-14,,,,,,,,,,,,,,,,,,,,,,,,,,,,,,,,,,,,,,,,,,,,,,,,,,,,,,,,,,,,,,false
2025-09-15,,,,,,,,,,,,,,,,,,,,,,,,,,,,,,,,,,,,,,,,,,,,,,,,,,,,,,,,,,,,,,false
2025-09-16,,,,,,,,,,,,,,,,,,,,,,,,,,,,,,,,,,,,,,,,,,,,,,,,,,,,,,,,,,,,,,false
2025-09-17,,,,,,,,,,,,,,,,,,,,,,,,,,,,,,,,,,,,,,,,,,,,,,,,,,,,,,,,,,,,,,false
2025-09-18,,,,,,,,,,,,,,,,,,,,,,,,,,,,,,,,,,,,,,,,,,,,,,,,,,,,,,,,,,,,,,false
2025-09-19,,,,,,,,,,,,,,,,,,,,,,,,,,,,,,,,,,,,,,,,,,,,,,,,,,,,,,,,,,,,,,false
2025-09-20,,,,,,,,,,,,,,,,,,,,,,,,,,,,,,,,,,,,,,,,,,,,,,,,,,,,,,,,,,,,,,false
2025-09-21,,,,,,,,,,,,,,,,,,,,,,,,,,,,,,,,,,,,,,,,,,,,,,,,,,,,,,,,,,,,,,false
2025-09-22,,,,,,,,,,,,,,,,,,,,,,,,,,,,,,,,,,,,,,,,,,,,,,,,,,,,,,,,,,,,,,false
2025-09-23,,,,,,,,,,,,,,,,,,,,,,,,,,,,,,,,,,,,,,,,,,,,,,,,,,,,,,,,,,,,,,false
2025-09-24,,,,,,,,,,,,,,,,,,,,,,,,,,,,,,,,,,,,,,,,,,,,,,,,,,,,,,,,,,,,,,false
2025-09-25,,,,,,,,,,,,,,,,,,,,,,,,,,,,,,,,,,,,,,,,,,,,,,,,,,,,,,,,,,,,,,false
2025-09-26,,,,,,,,,,,,,,,,,,,,,,,,,,,,,,,,,,,,,,,,,,,,,,,,,,,,,,,,,,,,,,false
2025-09-27,,,,,,,,,,,,,,,,,,,,,,,,,,,,,,,,,,,,,,,,,,,,,,,,,,,,,,,,,,,,,,false
2025-09-28,,,,,,,,,,,,,,,,,,,,,,,,,,,,,,,,,,,,,,,,,,,,,,,,,,,,,,,,,,,,,,false
2025-09-29,,,,,,,,,,,,,,,,,,,,,,,,,,,,,,,,,,,,,,,,,,,,,,,,,,,,,,,,,,,,,,false
2025-09-30,,,,,,,,,,,,,,,,,,,,,,,,,,,,,,,,,,,,,,,,,,,,,,,,,,,,,,,,,,,,,,false
2025-10-01,,,,,,,,,,,,,,,,,,,,,,,,,,,,,,,,,,,,,,,,,,,,,,,,,,,,,,,,,,,,,,false
2025-10-02,,,,,,,,,,,,,,,,,,,,,,,,,,,,,,,,,,,,,,,,,,,,,,,,,,,,,,,,,,,,,,false
2025-10-03,,,,,,,,,,,,,,,,,,,,,,,,,,,,,,,,,,,,,,,,,,,,,,,,,,,,,,,,,,,,,,false
2025-10-04,,,,,,,,,,,,,,,,,,,,,,,,,,,,,,,,,,,,,,,,,,,,,,,,,,,,,,,,,,,,,,false
2025-10-05,,,,,,,,,,,,,,,,,,,,,,,,,,,,,,,,,,,,,,,,,,,,,,,,,,,,,,,,,,,,,,false
2025-10-06,,,,,,,,,,,,,,,,,,,,,,,,,,,,,,,,,,,,,,,,,,,,,,,,,,,,,,,,,,,,,,false
2025-10-07,,,,,,,,,,,,,,,,,,,,,,,,,,,,,,,,,,,,,,,,,,,,,,,,,,,,,,,,,,,,,,false
2025-10-08,,,,,,,,,,,,,,,,,,,,,,,,,,,,,,,,,,,,,,,,,,,,,,,,,,,,,,,,,,,,,,false
2025-10-09,,,,,,,,,,,,,,,,,,,,,,,,,,,,,,,,,,,,,,,,,,,,,,,,,,,,,,,,,,,,,,false
2025-10-10,,,,,,,,,,,,,,,,,,,,,,,,,,,,,,,,,,,,,,,,,,,,,,,,,,,,,,,,,,,,,,false
2025-10-11,,,,,,,,,,,,,,,,,,,,,,,,,,,,,,,,,,,,,,,,,,,,,,,,,,,,,,,,,,,,,,false
2025-10-12,,,,,,,,,,,,,,,,,,,,,,,,,,,,,,,,,,,,,,,,,,,,,,,,,,,,,,,,,,,,,,false
2025-10-13,,,,,,,,,,,,,,,,,,,,,,,,,,,,,,,,,,,,,,,,,,,,,,,,,,,,,,,,,,,,,,false
2025-10-14,,,,,,,,,,,,,,,,,,,,,,,,,,,,,,,,,,,,,,,,,,,,,,,,,,,,,,,,,,,,,,false
2025-10-15,,,,,,,,,,,,,,,,,,,,,,,,,,,,,,,,,,,,,,,,,,,,,,,,,,,,,,,,,,,,,,false
2025-10-16,,,,,,,,,,,,,,,,,,,,,,,,,,,,,,,,,,,,,,,,,,,,,,,,,,,,,,,,,,,,,,false
2025-10-17,,,,,,,,,,,,,,,,,,,,,,,,,,,,,,,,,,,,,,,,,,,,,,,,,,,,,,,,,,,,,,false
2025-10-18,,,,,,,,,,,,,,,,,,,,,,,,,,,,,,,,,,,,,,,,,,,,,,,,,,,,,,,,,,,,,,false
2025-10-19,,,,,,,,,,,,,,,,,,,,,,,,,,,,,,,,,,,,,,,,,,,,,,,,,,,,,,,,,,,,,,false
2025-10-20,,,,,,,,,,,,,,,,,,,,,,,,,,,,,,,,,,,,,,,,,,,,,,,,,,,,,,,,,,,,,,false
2025-10-21,,,,,,,,,,,,,,,,,,,,,,,,,,,,,,,,,,,,,,,,,,,,,,,,,,,,,,,,,,,,,,false
2025-10-22,,,,,,,,,,,,,,,,,,,,,,,,,,,,,,,,,,,,,,,,,,,,,,,,,,,,,,,,,,,,,,false
2025-10-23,,,,,,,,,,,,,,,,,,,,,,,,,,,,,,,,,,,,,,,,,,,,,,,,,,,,,,,,,,,,,,false
2025-10-24,,,,,,,,,,,,,,,,,,,,,,,,,,,,,,,,,,,,,,,,,,,,,,,,,,,,,,,,,,,,,,false
2025-10-25,,,,,,,,,,,,,,,,,,,,,,,,,,,,,,,,,,,,,,,,,,,,,,,,,,,,,,,,,,,,,,false
2025-10-26,,,,,,,,,,,,,,,,,,,,,,,,,,,,,,,,,,,,,,,,,,,,,,,,,,,,,,,,,,,,,,false
2025-10-27,,,,,,,,,,,,,,,,,,,,,,,,,,,,,,,,,,,,,,,,,,,,,,,,,,,,,,,,,,,,,,false
2025-10-28,,,,,,,,,,,,,,,,,,,,,,,,,,,,,,,,,,,,,,,,,,,,,,,,,,,,,,,,,,,,,,false
2025-10-29,,,,,,,,,,,,,,,,,,,,,,,,,,,,,,,,,,,,,,,,,,,,,,,,,,,,,,,,,,,,,,false
2025-10-30,,,,,,,,,,,,,,,,,,,,,,,,,,,,,,,,,,,,,,,,,,,,,,,,,,,,,,,,,,,,,,false
2025-10-31,,,,,,,,,,,,,,,,,,,,,,,,,,,,,,,,,,,,,,,,,,,,,,,,,,,,,,,,,,,,,,false
2025-11-01,,,,,,,,,,,,,,,,,,,,,,,,,,,,,,,,,,,,,,,,,,,,,,,,,,,,,,,,,,,,,,false
2025-11-02,,,,,,,,,,,,,,,,,,,,,,,,,,,,,,,,,,,,,,,,,,,,,,,,,,,,,,,,,,,,,,false
2025-11-03,,,,,,,,,,,,,,,,,,,,,,,,,,,,,,,,,,,,,,,,,,,,,,,,,,,,,,,,,,,,,,false
2025-11-04,,,,,,,,,,,,,,,,,,,,,,,,,,,,,,,,,,,,,,,,,,,,,,,,,,,,,,,,,,,,,,false
2025-11-05,,,,,,,,,,,,,,,,,,,,,,,,,,,,,,,,,,,,,,,,,,,,,,,,,,,,,,,,,,,,,,false
2025-11-06,,,,,,,,,,,,,,,,,,,,,,,,,,,,,,,,,,,,,,,,,,,,,,,,,,,,,,,,,,,,,,false
2025-11-07,,,,,,,,,,,,,,,,,,,,,,,,,,,,,,,,,,,,,,,,,,,,,,,,,,,,,,,,,,,,,,false
2025-11-08,,,,,,,,,,,,,,,,,,,,,,,,,,,,,,,,,,,,,,,,,,,,,,,,,,,,,,,,,,,,,,false
2025-11-09,,,,,,,,,,,,,,,,,,,,,,,,,,,,,,,,,,,,,,,,,,,,,,,,,,,,,,,,,,,,,,false
2025-11-10,,,,,,,,,,,,,,,,,,,,,,,,,,,,,,,,,,,,,,,,,,,,,,,,,,,,,,,,,,,,,,false
2025-11-11,,,,,,,,,,,,,,,,,,,,,,,,,,,,,,,,,,,,,,,,,,,,,,,,,,,,,,,,,,,,,,false
2025-11-12,,,,,,,,,,,,,,,,,,,,,,,,,,,,,,,,,,,,,,,,,,,,,,,,,,,,,,,,,,,,,,false
2025-11-13,,,,,,,,,,,,,,,,,,,,,,,,,,,,,,,,,,,,,,,,,,,,,,,,,,,,,,,,,,,,,,false
2025-11-14,,,,,,,,,,,,,,,,,,,,,,,,,,,,,,,,,,,,,,,,,,,,,,,,,,,,,,,,,,,,,,false
2025-11-15,,,,,,,,,,,,,,,,,,,,,,,,,,,,,,,,,,,,,,,,,,,,,,,,,,,,,,,,,,,,,,false
2025-11-16,,,,,,,,,,,,,,,,,,,,,,,,,,,,,,,,,,,,,,,,,,,,,,,,,,,,,,,,,,,,,,false
2025-11-17,,,,,,,,,,,,,,,,,,,,,,,,,,,,,,,,,,,,,,,,,,,,,,,,,,,,,,,,,,,,,,false
2025-11-18,,,,,,,,,,,,,,,,,,,,,,,,,,,,,,,,,,,,,,,,,,,,,,,,,,,,,,,,,,,,,,false
2025-11-19,,,,,,,,,,,,,,,,,,,,,,,,,,,,,,,,,,,,,,,,,,,,,,,,,,,,,,,,,,,,,,false
2025-11-20,,,,,,,,,,,,,,,,,,,,,,,,,,,,,,,,,,,,,,,,,,,,,,,,,,,,,,,,,,,,,,false
2025-11-21,,,,,,,,,,,,,,,,,,,,,,,,,,,,,,,,,,,,,,,,,,,,,,,,,,,,,,,,,,,,,,false
2025-11-22,,,,,,,,,,,,,,,,,,,,,,,,,,,,,,,,,,,,,,,,,,,,,,,,,,,,,,,,,,,,,,false
2025-11-23,,,,,,,,,,,,,,,,,,,,,,,,,,,,,,,,,,,,,,,,,,,,,,,,,,,,,,,,,,,,,,false
2025-11-24,,,,,,,,,,,,,,,,,,,,,,,,,,,,,,,,,,,,,,,,,,,,,,,,,,,,,,,,,,,,,,false
2025-11-25,,,,,,,,,,,,,,,,,,,,,,,,,,,,,,,,,,,,,,,,,,,,,,,,,,,,,,,,,,,,,,false
2025-11-26,,,,,,,,,,,,,,,,,,,,,,,,,,,,,,,,,,,,,,,,,,,,,,,,,,,,,,,,,,,,,,false
2025-11-27,,,,,,,,,,,,,,,,,,,,,,,,,,,,,,,,,,,,,,,,,,,,,,,,,,,,,,,,,,,,,,false
2025-11-28,,,,,,,,,,,,,,,,,,,,,,,,,,,,,,,,,,,,,,,,,,,,,,,,,,,,,,,,,,,,,,false
2025-11-29,,,,,,,,,,,,,,,,,,,,,,,,,,,,,,,,,,,,,,,,,,,,,,,,,,,,,,,,,,,,,,false
2025-11-30,,,,,,,,,,,,,,,,,,,,,,,,,,,,,,,,,,,,,,,,,,,,,,,,,,,,,,,,,,,,,,false
2025-12-01,,,,,,,,,,,,,,,,,,,,,,,,,,,,,,,,,,,,,,,,,,,,,,,,,,,,,,,,,,,,,,false
2025-12-02,,,,,,,,,,,,,,,,,,,,,,,,,,,,,,,,,,,,,,,,,,,,,,,,,,,,,,,,,,,,,,false
2025-12-03,,,,,,,,,,,,,,,,,,,,,,,,,,,,,,,,,,,,,,,,,,,,,,,,,,,,,,,,,,,,,,false
2025-12-04,,,,,,,,,,,,,,,,,,,,,,,,,,,,,,,,,,,,,,,,,,,,,,,,,,,,,,,,,,,,,,false
2025-12-05,,,,,,,,,,,,,,,,,,,,,,,,,,,,,,,,,,,,,,,,,,,,,,,,,,,,,,,,,,,,,,false
2025-12-06,,,,,,,,,,,,,,,,,,,,,,,,,,,,,,,,,,,,,,,,,,,,,,,,,,,,,,,,,,,,,,false
2025-12-07,,,,,,,,,,,,,,,,,,,,,,,,,,,,,,,,,,,,,,,,,,,,,,,,,,,,,,,,,,,,,,false
2025-12-08,,,,,,,,,,,,,,,,,,,,,,,,,,,,,,,,,,,,,,,,,,,,,,,,,,,,,,,,,,,,,,false
2025-12-09,,,,,,,,,,,,,,,,,,,,,,,,,,,,,,,,,,,,,,,,,,,,,,,,,,,,,,,,,,,,,,false
2025-12-10,,,,,,,,,,,,,,,,,,,,,,,,,,,,,,,,,,,,,,,,,,,,,,,,,,,,,,,,,,,,,,false
2025-12-11,,,,,,,,,,,,,,,,,,,,,,,,,,,,,,,,,,,,,,,,,,,,,,,,,,,,,,,,,,,,,,false
2025-12-12,,,,,,,,,,,,,,,,,,,,,,,,,,,,,,,,,,,,,,,,,,,,,,,,,,,,,,,,,,,,,,false
2025-12-13,,,,,,,,,,,,,,,,,,,,,,,,,,,,,,,,,,,,,,,,,,,,,,,,,,,,,,,,,,,,,,false
2025-12-14,,,,,,,,,,,,,,,,,,,,,,,,,,,,,,,,,,,,,,,,,,,,,,,,,,,,,,,,,,,,,,false
2025-12-15,,,,,,,,,,,,,,,,,,,,,,,,,,,,,,,,,,,,,,,,,,,,,,,,,,,,,,,,,,,,,,false
2025-12-16,,,,,,,,,,,,,,,,,,,,,,,,,,,,,,,,,,,,,,,,,,,,,,,,,,,,,,,,,,,,,,false
2025-12-17,,,,,,,,,,,,,,,,,,,,,,,,,,,,,,,,,,,,,,,,,,,,,,,,,,,,,,,,,,,,,,false
2025-12-18,,,,,,,,,,,,,,,,,,,,,,,,,,,,,,,,,,,,,,,,,,,,,,,,,,,,,,,,,,,,,,false
2025-12-19,,,,,,,,,,,,,,,,,,,,,,,,,,,,,,,,,,,,,,,,,,,,,,,,,,,,,,,,,,,,,,false
2025-12-20,,,,,,,,,,,,,,,,,,,,,,,,,,,,,,,,,,,,,,,,,,,,,,,,,,,,,,,,,,,,,,false
2025-12-21,,,,,,,,,,,,,,,,,,,,,,,,,,,,,,,,,,,,,,,,,,,,,,,,,,,,,,,,,,,,,,false
2025-12-22,,,,,,,,,,,,,,,,,,,,,,,,,,,,,,,,,,,,,,,,,,,,,,,,,,,,,,,,,,,,,,false
2025-12-23,,,,,,,,,,,,,,,,,,,,,,,,,,,,,,,,,,,,,,,,,,,,,,,,,,,,,,,,,,,,,,false
2025-12-24,,,,,,,,,,,,,,,,,,,,,,,,,,,,,,,,,,,,,,,,,,,,,,,,,,,,,,,,,,,,,,false
2025-12-25,,,,,,,,,,,,,,,,,,,,,,,,,,,,,,,,,,,,,,,,,,,,,,,,,,,,,,,,,,,,,,false
2025-12-26,,,,,,,,,,,,,,,,,,,,,,,,,,,,,,,,,,,,,,,,,,,,,,,,,,,,,,,,,,,,,,false
2025-12-27,,,,,,,,,,,,,,,,,,,,,,,,,,,,,,,,,,,,,,,,,,,,,,,,,,,,,,,,,,,,,,false
2025-12-28,,,,,,,,,,,,,,,,,,,,,,,,,,,,,,,,,,,,,,,,,,,,,,,,,,,,,,,,,,,,,,false
2025-12-29,,,,,,,,,,,,,,,,,,,,,,,,,,,,,,,,,,,,,,,,,,,,,,,,,,,,,,,,,,,,,,false
2025-12-30,,,,,,,,,,,,,,,,,,,,,,,,,,,,,,,,,,,,,,,,,,,,,,,,,,,,,,,,,,,,,,false
2025-12-31,,,,,,,,,,,,,,,,,,,,,,,,,,,,,,,,,,,,,,,,,,,,,,,,,,,,,,,,,,,,,,false
2026-01-01,,,,,,,,,,,,,,,,,,,,,,,,,,,,,,,,,,,,,,,,,,,,,,,,,,,,,,,,,,,,,,false
2026-01-02,,,,,,,,,,,,,,,,,,,,,,,,,,,,,,,,,,,,,,,,,,,,,,,,,,,,,,,,,,,,,,false
2026-01-03,,,,,,,,,,,,,,,,,,,,,,,,,,,,,,,,,,,,,,,,,,,,,,,,,,,,,,,,,,,,,,false
2026-01-04,,,,,,,,,,,,,,,,,,,,,,,,,,,,,,,,,,,,,,,,,,,,,,,,,,,,,,,,,,,,,,false
2026-01-05,,,,,,,,,,,,,,,,,,,,,,,,,,,,,,,,,,,,,,,,,,,,,,,,,,,,,,,,,,,,,,false
2026-01-06,,,,,,,,,,,,,,,,,,,,,,,,,,,,,,,,,,,,,,,,,,,,,,,,,,,,,,,,,,,,,,false
2026-01-07,,,,,,,,,,,,,,,,,,,,,,,,,,,,,,,,,,,,,,,,,,,,,,,,,,,,,,,,,,,,,,false
2026-01-08,,,,,,,,,,,,,,,,,,,,,,,,,,,,,,,,,,,,,,,,,,,,,,,,,,,,,,,,,,,,,,false
2026-01-09,,,,,,,,,,,,,,,,,,,,,,,,,,,,,,,,,,,,,,,,,,,,,,,,,,,,,,,,,,,,,,false
2026-01-10,,,,,,,,,,,,,,,,,,,,,,,,,,,,,,,,,,,,,,,,,,,,,,,,,,,,,,,,,,,,,,false
2026-01-11,,,,,,,,,,,,,,,,,,,,,,,,,,,,,,,,,,,,,,,,,,,,,,,,,,,,,,,,,,,,,,false
2026-01-12,,,,,,,,,,,,,,,,,,,,,,,,,,,,,,,,,,,,,,,,,,,,,,,,,,,,,,,,,,,,,,false
2026-01-13,,,,,,,,,,,,,,,,,,,,,,,,,,,,,,,,,,,,,,,,,,,,,,,,,,,,,,,,,,,,,,false
2026-01-14,,,,,,,,,,,,,,,,,,,,,,,,,,,,,,,,,,,,,,,,,,,,,,,,,,,,,,,,,,,,,,false
2026-01-15,,,,,,,,,,,,,,,,,,,,,,,,,,,,,,,,,,,,,,,,,,,,,,,,,,,,,,,,,,,,,,false
2026-01-16,,,,,,,,,,,,,,,,,,,,,,,,,,,,,,,,,,,,,,,,,,,,,,,,,,,,,,,,,,,,,,false
2026-01-17,,,,,,,,,,,,,,,,,,,,,,,,,,,,,,,,,,,,,,,,,,,,,,,,,,,,,,,,,,,,,,false
2026-01-18,,,,,,,,,,,,,,,,,,,,,,,,,,,,,,,,,,,,,,,,,,,,,,,,,,,,,,,,,,,,,,false
2026-01-19,,,,,,,,,,,,,,,,,,,,,,,,,,,,,,,,,,,,,,,,,,,,,,,,,,,,,,,,,,,,,,false
2026-01-20,,,,,,,,,,,,,,,,,,,,,,,,,,,,,,,,,,,,,,,,,,,,,,,,,,,,,,,,,,,,,,false
2026-01-21,,,,,,,,,,,,,,,,,,,,,,,,,,,,,,,,,,,,,,,,,,,,,,,,,,,,,,,,,,,,,,false
2026-01-22,,,,,,,,,,,,,,,,,,,,,,,,,,,,,,,,,,,,,,,,,,,,,,,,,,,,,,,,,,,,,,false
2026-01-23,,,,,,,,,,,,,,,,,,,,,,,,,,,,,,,,,,,,,,,,,,,,,,,,,,,,,,,,,,,,,,false
2026-01-24,,,,,,,,,,,,,,,,,,,,,,,,,,,,,,,,,,,,,,,,,,,,,,,,,,,,,,,,,,,,,,false
2026-01-25,,,,,,,,,,,,,,,,,,,,,,,,,,,,,,,,,,,,,,,,,,,,,,,,,,,,,,,,,,,,,,false
2026-01-26,,,,,,,,,,,,,,,,,,,,,,,,,,,,,,,,,,,,,,,,,,,,,,,,,,,,,,,,,,,,,,false
2026-01-27,,,,,,,,,,,,,,,,,,,,,,,,,,,,,,,,,,,,,,,,,,,,,,,,,,,,,,,,,,,,,,false
2026-01-28,,,,,,,,,,,,,,,,,,,,,,,,,,,,,,,,,,,,,,,,,,,,,,,,,,,,,,,,,,,,,,false
2026-01-29,,,,,,,,,,,,,,,,,,,,,,,,,,,,,,,,,,,,,,,,,,,,,,,,,,,,,,,,,,,,,,false
2026-01-30,,,,,,,,,,,,,,,,,,,,,,,,,,,,,,,,,,,,,,,,,,,,,,,,,,,,,,,,,,,,,,false
2026-01-31,,,,,,,,,,,,,,,,,,,,,,,,,,,,,,,,,,,,,,,,,,,,,,,,,,,,,,,,,,,,,,false
2026-02-01,,,,,,,,,,,,,,,,,,,,,,,,,,,,,,,,,,,,,,,,,,,,,,,,,,,,,,,,,,,,,,false
2026-02-02,,,,,,,,,,,,,,,,,,,,,,,,,,,,,,,,,,,,,,,,,,,,,,,,,,,,,,,,,,,,,,false
2026-02-03,,,,,,,,,,,,,,,,,,,,,,,,,,,,,,,,,,,,,,,,,,,,,,,,,,,,,,,,,,,,,,false
2026-02-04,,,,,,,,,,,,,,,,,,,,,,,,,,,,,,,,,,,,,,,,,,,,,,,,,,,,,,,,,,,,,,false
2026-02-05,,,,,,,,,,,,,,,,,,,,,,,,,,,,,,,,,,,,,,,,,,,,,,,,,,,,,,,,,,,,,,false
2026-02-06,3567.22,0.00,0.00,251.77,917.44,605.58,4.29,5.24,50.08,17.17,8.91,108.96,1185.23,1529.90,386.93,1583.11,43.86,237.42,2414.01,1.75,47.26,890.19,5.52,1371.85,3463.35,208.57,2665.25,25.24,289.36,335.44,45.83,17.50,5.08,96.17,117.50,11.00,170.46,201.05,65.80,30.39,34.49,0.93,7.19,4.75,0.29,0.14,24.12,0.29,21.18,1.77,2.75,5.24,8.83,8.16,2.40,4.28,183.38,4.94,1.25,3.36,5.50,false
2026-02-07,3375.65,0.00,28.42,92.74,522.42,1209.79,3.92,4.44,35.96,15.94,7.80,109.30,915.37,2407.19,460.96,1354.33,41.54,199.33,1165.05,1.20,43.40,792.02,4.19,1558.36,2772.79,219.12,4739.66,27.53,233.75,264.88,30.87,9.58,2.63,118.04,64.27,0.60,188.38,1273.69,75.37,43.52,48.72,0.89,8.33,4.35,0.58,0.25,22.67,0.73,15.47,1.64,2.24,4.83,8.03,7.23,2.29,3.91,157.64,4.51,1.55,3.30,5.13,false
2026-02-08,3432.17,0.00,28.42,28.82,273.26,1385.16,3.50,3.66,47.02,16.03,7.92,103.41,729.53,2011.82,287.61,1226.12,22.71,581.34,2134.89,0.86,38.73,706.78,4.26,973.85,2277.80,122.00,3548.09,16.49,286.54,311.69,24.85,7.94,0.83,37.09,139.14,7.17,170.38,56.70,16.91,18.16,83.83,0.48,3.80,2.14,0.00,0.00,15.72,0.03,15.63,0.72,2.27,3.25,5.64,5.85,1.68,2.85,170.35,2.96,0.84,2.50,3.61,false
2026-02-09,3872.33,0.00,0.00,93.77,799.35,2283.35,4.34,4.36,48.01,20.29,10.48,108.96,1390.84,4408.29,864.69,1116.90,30.65,691.69,2422.79,2.56,43.58,1038.46,7.62,1980.30,6139.37,247.68,7224.11,25.65,320.75,367.91,45.48,27.48,4.56,102.80,151.47,5.98,193.54,688.67,64.05,25.30,65.82,0.75,7.19,4.86,0.24,0.22,17.51,0.36,14.36,2.30,3.22,7.47,12.20,11.57,3.25,5.59,187.14,6.70,1.94,4.54,7.62,false
2026-02-10,3320.72,0.00,0.68,186.27,412.65,65.34,1.83,3.73,18.25,10.52,4.62,101.54,752.72,903.15,254.24,1200.06,37.73,138.00,1423.95,0.78,27.83,611.25,2.00,234.23,736.66,58.08,1615.39,12.40,308.52,344.46,35.71,6.79,6.73,5.26,115.68,5.02,146.53,16.20,31.44,7.62,39.55,0.01,1.85,0.05,0.00,0.00,7.36,0.00,4.73,0.72,0.67,2.12,3.45,2.89,0.67,1.28,169.54,2.14,0.61,1.04,1.92,false
2026-02-11,4054.94,0.00,0.00,64.11,218.69,1710.91,3.46,5.38,38.47,15.41,7.59,112.75,1087.99,2487.59,380.80,1341.41,35.65,171.38,1827.07,2.05,42.26,875.23,4.32,1567.13,5514.82,199.11,4252.42,37.16,324.59,353.43,27.49,9.52,2.04,93.53,193.02,24.00,206.10,452.12,89.68,18.50,69.63,0.96,2.60,0.59,0.00,0.00,10.20,0.08,4.02,1.32,1.86,3.98,6.69,5.62,1.57,3.12,200.56,3.87,1.15,2.24,4.05,false
2026-02-12,2876.83,0.00,0.00,114.07,524.01,1008.62,4.54,3.41,42.39,17.57,7.93,106.63,814.93,1736.88,409.96,952.11,22.21,302.60,1017.59,2.22,41.77,812.52,5.24,1212.23,3254.84,206.95,2343.46,27.07,294.68,339.87,43.57,14.19,5.98,108.71,133.52,11.00,114.32,195.78,26.50,15.44,33.42,1.17,4.79,3.03,0.00,0.01,11.25,0.05,9.68,1.46,2.72,4.40,7.57,6.91,2.16,3.99,138.78,3.97,0.98,2.94,4.92,false
2026-02-13,,,,,,,,,,,,,,,,,,,,,,,,,,,,,,,,,,,,,,,,,,,,,,,,,,,,,,,,,,,,,,false
2026-02-14,,,,,,,,,,,,,,,,,,,,,,,,,,,,,,,,,,,,,,,,,,,,,,,,,,,,,,,,,,,,,,false
2026-02-15,,,,,,,,,,,,,,,,,,,,,,,,,,,,,,,,,,,,,,,,,,,,,,,,,,,,,,,,,,,,,,false
2026-02-16,,,,,,,,,,,,,,,,,,,,,,,,,,,,,,,,,,,,,,,,,,,,,,,,,,,,,,,,,,,,,,false
2026-02-17,3995.53,0.00,0.00,122.08,742.35,790.10,5.06,5.43,33.94,21.16,8.03,106.41,1468.72,2048.77,438.01,1469.63,35.46,186.10,2973.13,1.53,21.29,801.59,5.36,1446.17,3008.22,162.90,5709.07,27.92,406.29,457.95,51.44,13.30,5.47,162.26,205.53,27.91,173.38,313.12,40.54,26.01,55.45,1.21,7.06,5.22,0.02,0.01,19.54,0.10,16.79,1.84,1.88,4.75,8.00,6.27,1.91,3.64,166.28,4.56,1.42,2.72,4.75,false
2026-02-18,3322.73,0.00,0.00,162.19,732.04,1411.80,4.04,5.05,50.75,17.47,9.52,117.26,952.00,2275.81,384.57,2596.38,41.81,805.03,2009.57,1.99,36.85,883.52,5.25,1500.78,3930.93,180.56,3062.35,19.72,241.47,285.01,42.26,19.71,5.96,80.43,138.93,13.19,172.90,231.86,61.84,20.97,40.75,0.89,8.44,4.20,1.01,0.54,13.34,0.07,10.83,1.65,3.07,5.83,9.77,10.18,3.01,4.49,170.25,5.81,1.64,4.28,6.22,false
2026-02-19,3340.68,0.00,116.62,127.73,236.21,720.36,3.00,2.53,18.69,12.65,6.14,103.79,483.15,1931.89,342.73,1020.59,23.22,245.10,1188.21,1.25,8.86,666.72,2.57,602.92,1788.91,72.26,3491.54,14.69,338.02,369.36,27.83,13.36,3.42,11.16,121.39,17.52,133.48,64.10,29.66,5.94,45.17,0.35,3.27,1.46,0.00,0.00,4.12,0.01,1.48,0.95,1.12,3.20,5.23,4.77,1.19,1.88,176.22,3.18,0.92,1.79,3.10,false
2026-02-20,3841.97,0.00,0.00,271.62,865.90,2160.49,4.71,5.54,68.33,19.24,9.71,106.96,1560.24,2952.75,692.77,1447.50,40.98,649.18,2899.50,2.04,20.45,977.15,6.06,1912.03,4829.99,197.60,5323.02,23.99,383.47,425.45,40.69,28.06,6.96,140.13,192.60,16.96,154.57,310.63,65.80,20.78,46.19,1.22,6.07,3.80,0.07,0.03,14.70,0.19,7.91,2.27,4.12,8.03,12.32,11.83,3.58,6.17,200.23,7.00,2.05,4.95,8.03,true
2026-02-21,2994.48,0.12,3.52,59.80,204.63,1244.76,3.32,2.94,26.08,14.98,7.35,103.30,646.87,2310.44,416.42,1093.61,16.72,103.82,1470.96,1.53,20.58,726.26,1.85,855.81,2376.13,70.75,2549.59,17.68,341.97,361.35,19.19,4.90,1.23,66.94,164.05,46.45,117.02,62.74,18.57,9.16,42.05,0.50,1.84,0.23,0.00,0.00,3.09,0.01,3.07,0.74,0.84,2.47,4.12,3.71,0.93,1.51,134.35,2.47,0.70,1.35,2.34,false
2026-02-22,3407.19,0.00,0.00,185.61,589.33,1570.40,3.83,3.77,53.91,20.70,9.41,103.65,885.86,2273.03,473.64,1040.68,27.09,455.41,736.11,2.57,29.21,849.11,3.47,1584.74,5050.07,186.01,4070.65,23.02,317.12,358.27,39.22,24.04,4.88,94.39,118.24,17.42,145.25,594.30,37.82,21.39,51.32,0.58,3.72,1.79,0.07,0.02,13.87,0.17,12.34,1.28,2.96,4.96,8.13,8.55,2.73,4.37,162.06,4.57,1.21,3.63,5.61,false
2026-02-23,3665.61,0.00,0.00,89.94,743.32,918.01,4.78,5.93,65.80,19.66,8.49,126.22,1450.03,1952.25,308.25,1970.52,34.75,176.86,2527.90,1.40,27.79,871.07,4.80,1846.65,2783.25,270.10,3868.67,24.64,313.44,342.22,28.54,11.44,7.33,172.84,82.42,9.00,156.38,551.21,55.19,24.52,46.92,1.87,7.50,4.26,0.76,0.53,15.18,0.28,10.36,3.04,4.59,9.66,15.88,14.56,4.54,7.27,208.35,8.92,2.48,5.93,9.72,false
2026-02-24,3535.09,0.00,0.00,68.66,464.15,953.49,3.47,5.11,34.13,17.58,7.59,107.26,1055.61,1859.44,373.92,1450.17,37.35,209.02,1878.54,1.56,10.63,807.35,3.97,1260.32,3205.33,212.79,3586.94,20.82,308.71,351.09,42.11,14.63,6.79,122.19,126.63,11.70,158.09,777.73,56.52,18.27,44.78,0.38,5.34,3.23,0.05,0.01,12.72,0.17,7.82,2.01,2.50,5.84,9.71,8.61,2.52,4.32,187.15,5.73,1.73,3.37,5.76,false
2026-02-25,3786.15,0.00,70.00,102.65,470.31,1362.07,4.32,3.76,50.63,18.57,8.30,106.80,921.33,2360.96,364.62,1248.37,39.77,373.47,2319.76,1.83,34.76,888.00,4.72,1738.74,3722.62,216.41,4765.23,22.07,324.97,373.42,48.15,11.87,5.01,153.64,102.08,5.80,179.40,742.49,57.80,43.21,43.35,0.86,7.31,4.98,0.03,0.01,24.77,0.12,20.64,1.83,2.79,6.18,10.06,9.27,2.66,4.46,183.33,5.84,1.77,3.82,6.13,false
2026-02-26,2980.86,0.00,73.10,504.75,759.66,1931.72,4.05,4.90,53.66,19.98,8.55,115.54,737.68,3211.33,354.89,1262.58,33.31,339.51,1345.71,2.56,20.10,959.36,5.37,2261.69,4761.97,297.05,3286.43,37.03,203.02,227.68,23.53,13.70,3.18,79.83,109.06,29.92,143.01,938.88,67.12,19.18,39.28,1.09,3.14,0.70,0.26,0.15,16.94,0.30,11.07,2.63,5.10,8.94,15.26,14.35,4.51,7.63,196.80,8.33,2.00,5.99,9.65,false
2026-02-27,3657.39,0.00,0.00,408.59,917.54,1340.24,3.76,5.31,58.71,19.02,9.06,112.01,1128.71,1690.25,363.78,1486.39,47.75,251.02,2406.35,2.81,18.80,980.65,4.75,1598.21,4828.69,149.44,3011.58,27.41,350.15,394.16,43.71,18.22,5.50,118.32,127.35,34.57,157.34,195.07,61.22,36.22,27.56,0.51,4.81,2.63,0.11,0.20,30.88,0.03,28.19,1.47,1.81,4.60,7.64,6.52,1.70,3.46,180.12,4.55,1.32,2.90,4.72,false
2026-02-28,3388.56,0.00,0.00,106.50,700.90,1120.41,4.24,5.66,55.70,17.43,8.89,117.29,1026.76,1839.36,293.73,1415.99,37.12,153.49,2202.03,1.84,26.53,885.98,5.29,2005.08,3988.23,193.37,2093.29,41.02,306.40,346.48,37.92,11.57,4.12,101.69,135.39,18.34,124.25,489.13,46.80,17.32,35.05,1.01,3.63,1.82,0.00,0.00,10.75,0.01,7.50,2.22,4.30,7.83,13.37,12.90,3.75,6.03,224.84,7.34,1.60,4.89,8.19,false
2026-03-01,3806.17,0.00,0.00,94.56,651.95,479.66,3.48,3.89,35.92,15.64,7.37,108.40,875.07,2018.92,280.97,1143.56,30.67,187.26,1721.25,1.42,17.91,739.33,2.95,1264.78,1919.69,184.45,4264.58,23.55,296.13,345.20,48.94,9.54,2.77,49.14,80.42,5.60,197.54,511.15,71.75,19.38,54.88,1.07,4.59,1.92,0.25,0.35,15.70,0.15,10.21,1.89,2.73,6.22,10.26,8.89,2.75,4.64,175.56,5.92,1.72,3.84,6.38,false
2026-03-02,3516.89,0.00,0.00,99.12,238.78,687.08,3.18,2.96,28.93,14.06,6.96,109.92,577.35,1836.56,276.45,1149.28,28.60,156.69,1896.15,1.35,10.79,893.82,3.04,1244.67,2156.27,119.14,3688.30,28.56,329.27,359.65,30.24,5.94,2.25,126.30,140.85,17.44,153.82,425.18,33.61,31.20,42.30,0.85,4.10,2.38,0.00,0.00,10.65,0.01,8.10,0.45,1.39,2.04,3.52,3.21,1.09,1.89,187.03,1.79,0.44,1.52,2.34,false
2026-03-03,4334.64,0.00,0.00,71.36,287.82,1165.68,4.72,3.49,36.24,13.60,8.26,108.39,787.11,2442.69,483.46,1231.96,18.73,162.92,1264.97,1.61,9.61,774.96,3.25,967.86,3182.76,95.14,2988.81,20.21,463.02,512.28,48.98,10.45,4.39,35.53,202.53,0.18,171.49,167.53,20.17,6.92,54.13,1.73,3.75,2.10,0.00,0.00,4.31,0.02,3.89,0.74,1.54,2.75,4.72,4.44,1.26,2.15,207.07,2.66,0.76,1.85,2.91,false
2026-03-04,4107.57,0.22,28.42,182.51,851.46,1505.94,4.72,6.24,75.35,21.59,9.52,105.47,1622.99,2049.50,386.73,1540.99,40.84,198.31,2914.24,1.84,29.39,942.91,5.25,2063.38,4292.00,165.31,4669.89,22.82,381.70,427.36,45.16,26.04,4.62,152.72,157.38,19.45,170.79,411.53,65.02,28.42,48.76,1.38,4.68,2.68,0.04,0.02,20.12,0.12,16.03,2.15,3.31,7.47,12.25,10.95,3.16,5.59,224.31,6.69,1.97,4.49,7.51,false
2026-03-05,3448.54,0.00,0.00,180.61,301.22,1091.15,3.89,5.40,53.67,19.57,8.84,110.19,1193.41,1992.45,468.08,1606.76,38.98,277.48,2514.28,1.86,23.06,782.72,3.08,1525.77,3793.51,189.71,2573.35,27.93,267.58,304.78,36.86,12.32,5.73,87.16,110.36,0.00,163.30,515.36,55.09,25.70,47.85,2.13,4.43,2.32,0.14,0.11,21.87,0.18,18.80,2.16,3.78,7.77,12.81,12.55,3.67,5.71,192.09,7.16,1.87,4.89,7.80,false
2026-03-06,3623.52,0.00,0.00,101.43,352.24,706.31,4.56,4.27,28.04,13.26,8.41,108.91,811.53,3001.90,480.50,1750.67,32.59,182.27,1860.92,0.95,7.64,695.93,2.92,837.10,1654.81,97.46,3943.52,16.48,278.52,317.74,44.22,9.40,2.26,14.47,126.75,11.94,171.85,163.69,38.08,14.66,38.79,1.06,4.24,2.14,0.03,0.01,10.30,0.09,7.58,1.07,1.55,3.70,5.78,5.41,1.55,2.47,165.96,3.50,1.02,2.15,3.51,false
2026-03-07,3482.95,0.71,36.25,388.91,1139.38,1105.33,3.49,5.40,31.34,14.90,6.98,108.33,1094.09,1656.46,329.29,1380.84,43.97,309.38,2127.64,2.10,14.57,919.25,5.93,1466.03,2612.04,146.55,3293.68,24.59,285.76,320.92,34.50,19.98,3.61,60.77,155.68,73.32,179.31,168.12,67.27,28.21,47.60,1.01,4.53,2.70,0.00,0.00,24.20,0.03,21.50,1.66,2.37,5.08,8.59,7.33,2.12,4.00,160.30,4.84,1.28,3.04,5.18,false
2026-03-08,3365.01,0.00,19.49,196.01,529.90,629.89,2.97,3.24,23.81,14.29,6.41,107.96,577.82,1956.39,382.24,1082.66,30.64,163.88,1320.40,1.57,9.71,766.08,3.30,1269.07,1984.12,164.85,4696.87,21.17,274.17,309.16,34.20,9.99,2.25,16.83,95.80,14.97,164.94,577.51,60.37,13.44,43.05,0.97,3.56,1.69,0.05,0.01,10.40,0.21,7.54,1.80,2.29,5.61,9.38,8.78,2.52,4.12,171.01,5.28,1.45,3.53,5.65,false
2026-03-09,3467.30,0.00,0.00,90.18,309.85,702.10,2.89,3.84,18.96,11.68,5.98,104.38,781.68,1554.38,318.16,1333.33,37.15,137.37,1566.01,0.90,5.09,655.12,2.68,418.14,1300.23,67.96,1922.89,13.53,306.81,335.04,28.01,6.58,2.07,15.56,117.12,2.90,167.05,32.88,56.72,11.68,36.17,0.21,3.45,1.34,0.00,0.00,9.18,0.00,2.59,0.68,0.62,1.99,3.21,2.80,0.66,1.09,164.17,2.05,0.58,0.90,1.79,false
2026-03-10,3322.72,0.00,56.83,251.09,1158.74,1347.77,4.26,5.30,36.38,15.44,8.01,108.46,966.73,1900.94,381.40,1473.86,41.84,217.26,2115.32,1.82,15.03,838.86,6.76,1283.88,3216.21,150.68,4429.83,22.18,247.10,287.09,39.61,16.02,5.59,74.52,102.52,13.07,171.08,462.34,51.47,23.89,49.13,0.87,4.83,2.97,0.01,0.00,19.73,0.22,16.87,1.44,2.01,4.14,7.03,6.06,1.79,3.24,163.84,3.95,1.19,2.55,4.39,false
2026-03-11,3753.68,0.00,0.00,364.71,607.49,1368.63,5.03,5.75,50.50,18.56,8.49,108.07,1198.68,1941.49,376.00,1443.70,51.32,353.82,2279.09,2.55,16.34,834.12,4.46,1296.16,4086.37,199.17,3234.74,24.54,322.05,359.15,35.67,16.79,6.72,161.58,89.85,6.93,196.05,195.38,95.68,38.34,41.30,1.83,5.30,3.00,0.01,0.01,33.81,0.08,24.44,1.89,2.84,6.09,10.13,8.40,2.46,4.79,146.19,5.81,1.69,3.68,6.31,false
2026-03-12,3738.39,0.00,105.00,126.11,459.51,871.78,3.79,5.00,39.04,15.07,7.46,106.10,1085.21,2188.09,355.03,1400.54,37.30,297.90,2452.40,1.92,15.61,859.40,5.08,1670.25,3192.44,269.34,3562.60,21.14,372.84,413.69,40.53,10.93,3.97,177.58,145.58,15.73,147.63,371.42,52.77,20.32,45.83,1.26,4.90,2.92,0.03,0.02,15.75,0.14,10.36,2.31,3.24,6.88,11.77,9.21,2.97,5.68,189.45,6.62,2.17,4.21,7.08,false
2026-03-13,4007.45,0.00,4.65,375.17,682.26,887.51,3.46,5.56,30.20,17.43,7.19,107.38,1314.75,2122.78,296.50,1720.53,35.68,326.86,2895.38,1.29,18.44,748.32,2.82,1293.67,2779.28,101.21,3201.87,18.28,390.30,443.35,52.86,13.89,3.48,52.66,171.58,53.64,171.94,326.80,48.11,30.14,51.82,1.38,5.11,2.82,0.02,0.01,24.82,0.11,22.02,1.59,2.23,5.62,9.43,8.30,2.09,4.03,175.64,5.40,1.53,3.43,5.73,false
2026-03-14,4133.22,0.00,28.42,106.12,572.97,920.88,3.10,5.72,32.74,15.13,6.84,107.46,1067.73,1795.52,335.19,1537.73,39.20,113.91,2549.64,1.03,15.94,764.80,4.21,1247.18,1941.09,153.70,3799.81,19.51,389.32,421.69,32.20,5.05,0.99,96.14,117.19,12.48,193.82,713.17,58.33,18.13,51.89,0.73,3.80,1.49,0.02,0.01,10.69,0.08,4.87,1.33,1.52,4.15,6.93,5.88,1.59,2.79,188.85,4.08,1.42,2.38,4.09,false
2026-03-15,2939.62,0.00,6.97,312.92,1004.09,915.72,5.14,5.53,35.85,13.58,7.59,107.96,960.68,2306.94,331.75,1534.73,42.10,496.03,2669.93,1.89,17.85,861.91,4.38,1766.99,3193.83,167.28,5442.96,26.62,198.17,233.19,34.32,15.46,1.88,22.20,86.85,13.49,137.78,255.87,55.06,15.99,38.97,0.91,3.72,1.53,0.00,0.00,12.64,0.03,8.78,1.97,3.93,6.53,11.42,10.51,3.05,5.67,202.61,6.22,1.77,4.64,6.86,false
2026-03-16,3674.76,0.00,0.00,124.67,506.05,685.50,3.18,4.65,32.05,15.94,8.02,105.14,951.83,1690.05,290.43,2206.37,36.54,126.75,2254.94,1.03,16.95,833.61,2.60,1228.67,2693.88,207.36,1395.30,16.36,356.71,424.27,67.47,11.75,2.90,63.65,132.21,5.29,129.31,181.68,46.00,16.54,28.65,0.40,8.62,4.35,1.36,0.51,9.34,0.01,4.06,1.80,2.94,6.21,10.58,10.38,3.10,4.43,215.25,6.11,1.73,3.89,6.35,false
2026-03-17,3931.55,0.00,1.29,106.76,335.07,743.70,3.79,4.67,26.68,13.65,6.97,106.67,871.04,1727.34,413.71,1463.92,33.87,179.67,1971.69,1.46,6.93,760.44,3.51,1072.09,2625.69,110.55,4404.01,18.54,363.83,415.46,51.27,11.88,3.12,27.09,185.50,22.08,166.98,120.46,38.84,11.52,62.44,0.50,3.55,1.46,0.00,0.00,8.17,0.01,5.04,1.49,2.37,4.88,8.46,7.58,2.16,3.64,205.78,4.76,1.38,3.12,4.98,false
2026-03-18,3900.42,0.00,105.00,198.25,736.98,947.51,3.89,4.90,43.29,14.92,7.74,105.72,1275.29,2037.54,340.28,1545.21,34.70,252.64,2322.23,1.41,22.54,832.73,3.65,1307.16,3522.92,121.98,4202.63,19.06,386.85,440.36,53.03,25.38,3.24,88.62,144.56,11.66,156.01,208.06,35.22,11.38,56.73,1.07,3.72,1.84,0.03,0.02,8.11,0.10,5.36,1.77,3.01,6.42,10.67,9.53,2.70,4.87,195.00,5.70,1.65,3.84,6.46,false
2026-03-19,3451.49,0.00,1.29,136.84,650.83,976.98,3.86,5.34,33.19,15.79,6.97,107.47,958.60,1798.58,298.59,1535.72,37.26,127.64,2646.15,1.89,12.12,790.17,4.31,1517.43,2655.06,199.27,3472.49,21.40,266.72,302.69,34.70,9.56,2.82,77.28,129.61,19.80,173.13,161.29,42.12,14.53,46.08,0.86,3.73,1.87,0.00,0.01,12.07,0.04,8.74,1.60,2.28,5.05,8.63,6.99,2.02,3.95,173.43,4.91,1.50,3.07,5.29,false
2026-03-20,3272.52,0.00,1.37,138.67,473.22,916.91,4.43,6.06,43.76,14.90,6.95,107.95,1191.28,1830.40,258.26,1640.18,34.89,126.09,2779.87,1.01,8.90,791.08,2.84,1596.33,2529.74,138.77,3224.06,18.78,326.08,364.88,38.64,7.12,7.72,51.66,132.79,10.97,135.22,204.50,40.23,16.26,41.42,1.41,3.99,2.15,0.00,0.01,13.56,0.07,10.83,1.28,2.35,4.76,8.62,7.32,2.23,3.97,153.70,4.67,1.48,3.51,5.03,false
2026-03-21,3379.62,0.00,28.42,176.59,574.72,1188.49,4.27,6.23,38.24,16.69,6.85,108.97,1232.29,2044.33,315.64,1446.59,45.86,313.57,2253.76,1.94,15.94,810.49,4.71,1514.79,2414.57,222.88,4122.91,20.57,295.22,323.33,26.51,15.37,3.34,87.33,122.00,37.44,168.00,394.40,79.62,32.83,31.97,0.55,5.48,2.89,0.17,0.08,27.15,0.13,20.40,1.51,1.86,4.41,7.39,6.19,1.92,3.59,149.02,4.18,1.29,2.65,4.58,false
2026-03-22,,,,,,,,,,,,,,,,,,,,,,,,,,,,,,,,,,,,,,,,,,,,,,,,,,,,,,,,,,,,,,false
2026-03-23,,,,,,,,,,,,,,,,,,,,,,,,,,,,,,,,,,,,,,,,,,,,,,,,,,,,,,,,,,,,,,false
2026-03-24,,,,,,,,,,,,,,,,,,,,,,,,,,,,,,,,,,,,,,,,,,,,,,,,,,,,,,,,,,,,,,false
2026-03-25,,,,,,,,,,,,,,,,,,,,,,,,,,,,,,,,,,,,,,,,,,,,,,,,,,,,,,,,,,,,,,false
2026-03-26,,,,,,,,,,,,,,,,,,,,,,,,,,,,,,,,,,,,,,,,,,,,,,,,,,,,,,,,,,,,,,false
2026-03-27,,,,,,,,,,,,,,,,,,,,,,,,,,,,,,,,,,,,,,,,,,,,,,,,,,,,,,,,,,,,,,false
2026-03-28,,,,,,,,,,,,,,,,,,,,,,,,,,,,,,,,,,,,,,,,,,,,,,,,,,,,,,,,,,,,,,false
2026-03-29,,,,,,,,,,,,,,,,,,,,,,,,,,,,,,,,,,,,,,,,,,,,,,,,,,,,,,,,,,,,,,false
2026-03-30,,,,,,,,,,,,,,,,,,,,,,,,,,,,,,,,,,,,,,,,,,,,,,,,,,,,,,,,,,,,,,false
2026-03-31,,,,,,,,,,,,,,,,,,,,,,,,,,,,,,,,,,,,,,,,,,,,,,,,,,,,,,,,,,,,,,false
2026-04-01,,,,,,,,,,,,,,,,,,,,,,,,,,,,,,,,,,,,,,,,,,,,,,,,,,,,,,,,,,,,,,false
2026-04-02,,,,,,,,,,,,,,,,,,,,,,,,,,,,,,,,,,,,,,,,,,,,,,,,,,,,,,,,,,,,,,false
2026-04-03,,,,,,,,,,,,,,,,,,,,,,,,,,,,,,,,,,,,,,,,,,,,,,,,,,,,,,,,,,,,,,false
2026-04-04,,,,,,,,,,,,,,,,,,,,,,,,,,,,,,,,,,,,,,,,,,,,,,,,,,,,,,,,,,,,,,false
2026-04-05,,,,,,,,,,,,,,,,,,,,,,,,,,,,,,,,,,,,,,,,,,,,,,,,,,,,,,,,,,,,,,false
2026-04-06,,,,,,,,,,,,,,,,,,,,,,,,,,,,,,,,,,,,,,,,,,,,,,,,,,,,,,,,,,,,,,false
2026-04-07,,,,,,,,,,,,,,,,,,,,,,,,,,,,,,,,,,,,,,,,,,,,,,,,,,,,,,,,,,,,,,false
2026-04-08,,,,,,,,,,,,,,,,,,,,,,,,,,,,,,,,,,,,,,,,,,,,,,,,,,,,,,,,,,,,,,false
2026-04-09,,,,,,,,,,,,,,,,,,,,,,,,,,,,,,,,,,,,,,,,,,,,,,,,,,,,,,,,,,,,,,false
2026-04-10,,,,,,,,,,,,,,,,,,,,,,,,,,,,,,,,,,,,,,,,,,,,,,,,,,,,,,,,,,,,,,false
2026-04-11,,,,,,,,,,,,,,,,,,,,,,,,,,,,,,,,,,,,,,,,,,,,,,,,,,,,,,,,,,,,,,false
2026-04-12,,,,,,,,,,,,,,,,,,,,,,,,,,,,,,,,,,,,,,,,,,,,,,,,,,,,,,,,,,,,,,false
2026-04-13,,,,,,,,,,,,,,,,,,,,,,,,,,,,,,,,,,,,,,,,,,,,,,,,,,,,,,,,,,,,,,false
2026-04-14,,,,,,,,,,,,,,,,,,,,,,,,,,,,,,,,,,,,,,,,,,,,,,,,,,,,,,,,,,,,,,false
2026-04-15,,,,,,,,,,,,,,,,,,,,,,,,,,,,,,,,,,,,,,,,,,,,,,,,,,,,,,,,,,,,,,false
2026-04-16,,,,,,,,,,,,,,,,,,,,,,,,,,,,,,,,,,,,,,,,,,,,,,,,,,,,,,,,,,,,,,false
2026-04-17,,,,,,,,,,,,,,,,,,,,,,,,,,,,,,,,,,,,,,,,,,,,,,,,,,,,,,,,,,,,,,false
2026-04-18,,,,,,,,,,,,,,,,,,,,,,,,,,,,,,,,,,,,,,,,,,,,,,,,,,,,,,,,,,,,,,false
2026-04-19,,,,,,,,,,,,,,,,,,,,,,,,,,,,,,,,,,,,,,,,,,,,,,,,,,,,,,,,,,,,,,false
2026-04-20,,,,,,,,,,,,,,,,,,,,,,,,,,,,,,,,,,,,,,,,,,,,,,,,,,,,,,,,,,,,,,false
2026-04-21,,,,,,,,,,,,,,,,,,,,,,,,,,,,,,,,,,,,,,,,,,,,,,,,,,,,,,,,,,,,,,false
2026-04-22,,,,,,,,,,,,,,,,,,,,,,,,,,,,,,,,,,,,,,,,,,,,,,,,,,,,,,,,,,,,,,false
2026-04-23,,,,,,,,,,,,,,,,,,,,,,,,,,,,,,,,,,,,,,,,,,,,,,,,,,,,,,,,,,,,,,false
2026-04-24,,,,,,,,,,,,,,,,,,,,,,,,,,,,,,,,,,,,,,,,,,,,,,,,,,,,,,,,,,,,,,false
2026-04-25,,,,,,,,,,,,,,,,,,,,,,,,,,,,,,,,,,,,,,,,,,,,,,,,,,,,,,,,,,,,,,false
2026-04-26,,,,,,,,,,,,,,,,,,,,,,,,,,,,,,,,,,,,,,,,,,,,,,,,,,,,,,,,,,,,,,false
2026-04-27,,,,,,,,,,,,,,,,,,,,,,,,,,,,,,,,,,,,,,,,,,,,,,,,,,,,,,,,,,,,,,false
2026-04-28,,,,,,,,,,,,,,,,,,,,,,,,,,,,,,,,,,,,,,,,,,,,,,,,,,,,,,,,,,,,,,false
2026-04-29,,,,,,,,,,,,,,,,,,,,,,,,,,,,,,,,,,,,,,,,,,,,,,,,,,,,,,,,,,,,,,false
2026-04-30,,,,,,,,,,,,,,,,,,,,,,,,,,,,,,,,,,,,,,,,,,,,,,,,,,,,,,,,,,,,,,false
2026-05-01,,,,,,,,,,,,,,,,,,,,,,,,,,,,,,,,,,,,,,,,,,,,,,,,,,,,,,,,,,,,,,false
2026-05-02,,,,,,,,,,,,,,,,,,,,,,,,,,,,,,,,,,,,,,,,,,,,,,,,,,,,,,,,,,,,,,false
2026-05-03,,,,,,,,,,,,,,,,,,,,,,,,,,,,,,,,,,,,,,,,,,,,,,,,,,,,,,,,,,,,,,false
2026-05-04,,,,,,,,,,,,,,,,,,,,,,,,,,,,,,,,,,,,,,,,,,,,,,,,,,,,,,,,,,,,,,false
2026-05-05,,,,,,,,,,,,,,,,,,,,,,,,,,,,,,,,,,,,,,,,,,,,,,,,,,,,,,,,,,,,,,false
2026-05-06,,,,,,,,,,,,,,,,,,,,,,,,,,,,,,,,,,,,,,,,,,,,,,,,,,,,,,,,,,,,,,false
2026-05-07,,,,,,,,,,,,,,,,,,,,,,,,,,,,,,,,,,,,,,,,,,,,,,,,,,,,,,,,,,,,,,false
2026-05-08,,,,,,,,,,,,,,,,,,,,,,,,,,,,,,,,,,,,,,,,,,,,,,,,,,,,,,,,,,,,,,false
2026-05-09,,,,,,,,,,,,,,,,,,,,,,,,,,,,,,,,,,,,,,,,,,,,,,,,,,,,,,,,,,,,,,false
2026-05-10,,,,,,,,,,,,,,,,,,,,,,,,,,,,,,,,,,,,,,,,,,,,,,,,,,,,,,,,,,,,,,false
2026-05-11,,,,,,,,,,,,,,,,,,,,,,,,,,,,,,,,,,,,,,,,,,,,,,,,,,,,,,,,,,,,,,false
2026-05-12,,,,,,,,,,,,,,,,,,,,,,,,,,,,,,,,,,,,,,,,,,,,,,,,,,,,,,,,,,,,,,false
2026-05-13,,,,,,,,,,,,,,,,,,,,,,,,,,,,,,,,,,,,,,,,,,,,,,,,,,,,,,,,,,,,,,false
2026-05-14,,,,,,,,,,,,,,,,,,,,,,,,,,,,,,,,,,,,,,,,,,,,,,,,,,,,,,,,,,,,,,false
2026-05-15,,,,,,,,,,,,,,,,,,,,,,,,,,,,,,,,,,,,,,,,,,,,,,,,,,,,,,,,,,,,,,false
2026-05-16,,,,,,,,,,,,,,,,,,,,,,,,,,,,,,,,,,,,,,,,,,,,,,,,,,,,,,,,,,,,,,false
2026-05-17,,,,,,,,,,,,,,,,,,,,,,,,,,,,,,,,,,,,,,,,,,,,,,,,,,,,,,,,,,,,,,false
2026-05-18,,,,,,,,,,,,,,,,,,,,,,,,,,,,,,,,,,,,,,,,,,,,,,,,,,,,,,,,,,,,,,false
2026-05-19,,,,,,,,,,,,,,,,,,,,,,,,,,,,,,,,,,,,,,,,,,,,,,,,,,,,,,,,,,,,,,false
2026-05-20,,,,,,,,,,,,,,,,,,,,,,,,,,,,,,,,,,,,,,,,,,,,,,,,,,,,,,,,,,,,,,false
2026-05-21,,,,,,,,,,,,,,,,,,,,,,,,,,,,,,,,,,,,,,,,,,,,,,,,,,,,,,,,,,,,,,false
2026-05-22,,,,,,,,,,,,,,,,,,,,,,,,,,,,,,,,,,,,,,,,,,,,,,,,,,,,,,,,,,,,,,false
2026-05-23,,,,,,,,,,,,,,,,,,,,,,,,,,,,,,,,,,,,,,,,,,,,,,,,,,,,,,,,,,,,,,false
2026-05-24,,,,,,,,,,,,,,,,,,,,,,,,,,,,,,,,,,,,,,,,,,,,,,,,,,,,,,,,,,,,,,false
2026-05-25,,,,,,,,,,,,,,,,,,,,,,,,,,,,,,,,,,,,,,,,,,,,,,,,,,,,,,,,,,,,,,false
2026-05-26,,,,,,,,,,,,,,,,,,,,,,,,,,,,,,,,,,,,,,,,,,,,,,,,,,,,,,,,,,,,,,false
2026-05-27,,,,,,,,,,,,,,,,,,,,,,,,,,,,,,,,,,,,,,,,,,,,,,,,,,,,,,,,,,,,,,false
2026-05-28,,,,,,,,,,,,,,,,,,,,,,,,,,,,,,,,,,,,,,,,,,,,,,,,,,,,,,,,,,,,,,false
2026-05-29,,,,,,,,,,,,,,,,,,,,,,,,,,,,,,,,,,,,,,,,,,,,,,,,,,,,,,,,,,,,,,false
2026-05-30,,,,,,,,,,,,,,,,,,,,,,,,,,,,,,,,,,,,,,,,,,,,,,,,,,,,,,,,,,,,,,false
2026-05-31,,,,,,,,,,,,,,,,,,,,,,,,,,,,,,,,,,,,,,,,,,,,,,,,,,,,,,,,,,,,,,false
2026-06-01,,,,,,,,,,,,,,,,,,,,,,,,,,,,,,,,,,,,,,,,,,,,,,,,,,,,,,,,,,,,,,false
2026-06-02,,,,,,,,,,,,,,,,,,,,,,,,,,,,,,,,,,,,,,,,,,,,,,,,,,,,,,,,,,,,,,false
2026-06-03,,,,,,,,,,,,,,,,,,,,,,,,,,,,,,,,,,,,,,,,,,,,,,,,,,,,,,,,,,,,,,false
2026-06-04,,,,,,,,,,,,,,,,,,,,,,,,,,,,,,,,,,,,,,,,,,,,,,,,,,,,,,,,,,,,,,false
2026-06-05,,,,,,,,,,,,,,,,,,,,,,,,,,,,,,,,,,,,,,,,,,,,,,,,,,,,,,,,,,,,,,false
2026-06-06,,,,,,,,,,,,,,,,,,,,,,,,,,,,,,,,,,,,,,,,,,,,,,,,,,,,,,,,,,,,,,false
2026-06-07,,,,,,,,,,,,,,,,,,,,,,,,,,,,,,,,,,,,,,,,,,,,,,,,,,,,,,,,,,,,,,false
2026-06-08,,,,,,,,,,,,,,,,,,,,,,,,,,,,,,,,,,,,,,,,,,,,,,,,,,,,,,,,,,,,,,false
2026-06-09,,,,,,,,,,,,,,,,,,,,,,,,,,,,,,,,,,,,,,,,,,,,,,,,,,,,,,,,,,,,,,false
2026-06-10,,,,,,,,,,,,,,,,,,,,,,,,,,,,,,,,,,,,,,,,,,,,,,,,,,,,,,,,,,,,,,false
2026-06-11,,,,,,,,,,,,,,,,,,,,,,,,,,,,,,,,,,,,,,,,,,,,,,,,,,,,,,,,,,,,,,false
2026-06-12,,,,,,,,,,,,,,,,,,,,,,,,,,,,,,,,,,,,,,,,,,,,,,,,,,,,,,,,,,,,,,false
2026-06-13,,,,,,,,,,,,,,,,,,,,,,,,,,,,,,,,,,,,,,,,,,,,,,,,,,,,,,,,,,,,,,false
2026-06-14,,,,,,,,,,,,,,,,,,,,,,,,,,,,,,,,,,,,,,,,,,,,,,,,,,,,,,,,,,,,,,false
2026-06-15,,,,,,,,,,,,,,,,,,,,,,,,,,,,,,,,,,,,,,,,,,,,,,,,,,,,,,,,,,,,,,false
2026-06-16,,,,,,,,,,,,,,,,,,,,,,,,,,,,,,,,,,,,,,,,,,,,,,,,,,,,,,,,,,,,,,false
2026-06-17,,,,,,,,,,,,,,,,,,,,,,,,,,,,,,,,,,,,,,,,,,,,,,,,,,,,,,,,,,,,,,false
2026-06-18,,,,,,,,,,,,,,,,,,,,,,,,,,,,,,,,,,,,,,,,,,,,,,,,,,,,,,,,,,,,,,false
2026-06-19,,,,,,,,,,,,,,,,,,,,,,,,,,,,,,,,,,,,,,,,,,,,,,,,,,,,,,,,,,,,,,false
2026-06-20,,,,,,,,,,,,,,,,,,,,,,,,,,,,,,,,,,,,,,,,,,,,,,,,,,,,,,,,,,,,,,false
2026-06-21,,,,,,,,,,,,,,,,,,,,,,,,,,,,,,,,,,,,,,,,,,,,,,,,,,,,,,,,,,,,,,false
2026-06-22,,,,,,,,,,,,,,,,,,,,,,,,,,,,,,,,,,,,,,,,,,,,,,,,,,,,,,,,,,,,,,false
2026-06-23,,,,,,,,,,,,,,,,,,,,,,,,,,,,,,,,,,,,,,,,,,,,,,,,,,,,,,,,,,,,,,false
2026-06-24,,,,,,,,,,,,,,,,,,,,,,,,,,,,,,,,,,,,,,,,,,,,,,,,,,,,,,,,,,,,,,false
2026-06-25,,,,,,,,,,,,,,,,,,,,,,,,,,,,,,,,,,,,,,,,,,,,,,,,,,,,,,,,,,,,,,false
2026-06-26,,,,,,,,,,,,,,,,,,,,,,,,,,,,,,,,,,,,,,,,,,,,,,,,,,,,,,,,,,,,,,false
2026-06-27,,,,,,,,,,,,,,,,,,,,,,,,,,,,,,,,,,,,,,,,,,,,,,,,,,,,,,,,,,,,,,false
2026-06-28,,,,,,,,,,,,,,,,,,,,,,,,,,,,,,,,,,,,,,,,,,,,,,,,,,,,,,,,,,,,,,false
2026-06-29,,,,,,,,,,,,,,,,,,,,,,,,,,,,,,,,,,,,,,,,,,,,,,,,,,,,,,,,,,,,,,false
2026-06-30,,,,,,,,,,,,,,,,,,,,,,,,,,,,,,,,,,,,,,,,,,,,,,,,,,,,,,,,,,,,,,false
2026-07-01,,,,,,,,,,,,,,,,,,,,,,,,,,,,,,,,,,,,,,,,,,,,,,,,,,,,,,,,,,,,,,false
2026-07-02,,,,,,,,,,,,,,,,,,,,,,,,,,,,,,,,,,,,,,,,,,,,,,,,,,,,,,,,,,,,,,false
2026-07-03,,,,,,,,,,,,,,,,,,,,,,,,,,,,,,,,,,,,,,,,,,,,,,,,,,,,,,,,,,,,,,false
2026-07-04,,,,,,,,,,,,,,,,,,,,,,,,,,,,,,,,,,,,,,,,,,,,,,,,,,,,,,,,,,,,,,false
2026-07-05,,,,,,,,,,,,,,,,,,,,,,,,,,,,,,,,,,,,,,,,,,,,,,,,,,,,,,,,,,,,,,false
2026-07-06,,,,,,,,,,,,,,,,,,,,,,,,,,,,,,,,,,,,,,,,,,,,,,,,,,,,,,,,,,,,,,false
2026-07-07,,,,,,,,,,,,,,,,,,,,,,,,,,,,,,,,,,,,,,,,,,,,,,,,,,,,,,,,,,,,,,false
2026-07-08,,,,,,,,,,,,,,,,,,,,,,,,,,,,,,,,,,,,,,,,,,,,,,,,,,,,,,,,,,,,,,false
2026-07-09,,,,,,,,,,,,,,,,,,,,,,,,,,,,,,,,,,,,,,,,,,,,,,,,,,,,,,,,,,,,,,false
2026-07-10,,,,,,,,,,,,,,,,,,,,,,,,,,,,,,,,,,,,,,,,,,,,,,,,,,,,,,,,,,,,,,false
2026-07-11,,,,,,,,,,,,,,,,,,,,,,,,,,,,,,,,,,,,,,,,,,,,,,,,,,,,,,,,,,,,,,false
2026-07-12,,,,,,,,,,,,,,,,,,,,,,,,,,,,,,,,,,,,,,,,,,,,,,,,,,,,,,,,,,,,,,false
2026-07-13,,,,,,,,,,,,,,,,,,,,,,,,,,,,,,,,,,,,,,,,,,,,,,,,,,,,,,,,,,,,,,false
2026-07-14,2291.46,0.00,0.00,40.67,271.56,1122.74,2.49,3.43,29.79,13.08,5.77,104.38,581.09,1101.81,225.00,946.30,20.29,164.85,1822.05,0.98,8.16,681.32,2.80,959.90,2198.83,209.78,2608.38,16.81,220.99,259.60,35.65,8.88,4.26,93.03,108.66,11.47,78.23,157.78,24.09,16.29,22.49,0.69,3.50,1.73,0.13,0.02,14.07,0.07,13.23,2.18,2.52,6.73,11.25,9.61,2.56,4.34,135.78,6.72,2.01,3.56,6.45,false
2026-07-15,2415.94,0.00,0.00,73.47,82.31,767.02,2.58,2.70,28.97,13.41,5.71,105.28,621.65,1017.10,384.26,881.11,17.83,159.92,885.68,0.81,8.78,634.29,1.88,682.37,1903.72,114.32,3541.28,21.78,252.70,286.40,33.09,5.73,3.48,37.70,67.52,5.95,101.23,159.83,14.74,12.01,35.75,1.64,2.96,1.35,0.00,0.00,10.43,0.08,10.30,0.63,1.69,2.41,4.29,4.09,1.34,2.29,99.17,2.08,0.40,1.76,2.75,false
2026-07-16,2752.51,0.00,0.00,59.46,124.43,1536.08,3.58,3.53,28.31,15.95,7.59,109.53,648.77,1864.40,332.79,1212.89,30.26,265.19,1582.28,1.23,11.01,834.94,3.95,1713.20,4198.59,101.92,1470.31,22.03,210.01,246.93,36.58,13.15,2.35,61.91,121.36,14.30,120.05,323.91,61.24,19.07,28.40,0.81,4.41,1.78,0.32,0.11,15.09,0.04,7.80,1.98,2.16,6.49,10.65,10.06,2.52,3.80,173.98,6.62,1.90,3.45,6.09,false
2026-07-17,2636.63,0.00,0.00,113.72,328.41,1045.08,4.05,4.83,43.54,14.42,9.85,111.71,920.67,2158.12,483.99,1589.97,33.05,193.82,1885.45,1.17,16.51,749.67,2.97,1368.87,4214.24,153.43,2313.39,25.97,255.71,296.58,40.60,14.89,3.84,60.26,116.32,4.42,81.45,244.43,30.39,16.55,21.56,0.87,4.01,2.16,0.00,0.01,13.88,0.12,11.12,1.86,3.97,6.83,11.93,12.19,3.28,4.99,184.35,6.97,1.82,4.53,6.95,false
2026-07-18,3393.45,58.67,6.50,163.20,349.54,2064.48,4.35,3.46,55.09,17.05,9.31,110.59,658.63,1930.05,416.53,1066.51,19.75,164.55,970.66,1.64,17.80,815.60,3.62,1452.98,4292.45,177.24,3486.55,29.00,291.07,327.01,35.79,11.63,4.65,146.21,76.77,23.84,122.21,309.83,28.75,24.47,33.34,2.40,4.53,2.85,0.03,0.01,20.15,0.23,19.88,1.28,3.09,4.70,7.67,7.75,2.53,4.14,144.52,3.96,0.93,3.27,5.07,false
2026-07-19,466.38,0.00,0.00,3.52,96.85,164.79,2.49,2.10,16.17,10.79,5.55,102.22,426.47,1512.03,250.19,976.83,17.26,99.45,503.04,0.35,1.33,503.65,1.07,102.39,347.53,70.40,126.69,11.58,26.95,43.34,15.18,2.49,1.09,2.07,23.34,0.00,17.66,202.50,9.35,1.84,3.26,0.02,1.72,0.10,0.02,0.00,1.70,0.07,1.62,0.75,0.58,2.09,3.32,3.02,0.77,1.09,31.98,2.14,0.59,0.98,1.87,false
2026-07-20,2477.34,0.06,5.81,97.78,353.98,703.72,3.40,4.51,32.81,12.78,6.50,108.84,950.92,1813.00,272.54,1512.12,32.67,130.41,1799.79,0.77,13.01,662.04,2.48,774.19,1723.13,120.16,2620.25,19.74,206.01,237.29,31.17,5.74,1.79,48.87,69.99,8.21,97.38,149.71,38.27,8.46,27.69,0.64,3.13,0.87,0.22,0.07,6.18,0.04,2.18,1.60,2.32,5.19,8.86,8.29,2.30,3.53,162.11,5.07,1.27,3.06,5.17,false
2026-07-21,2438.58,0.00,0.00,64.29,91.80,1406.66,3.36,4.99,45.54,15.62,6.97,110.49,905.99,1669.99,373.65,1474.53,35.12,184.31,2010.85,1.83,17.22,719.68,2.49,1263.01,3103.12,172.96,3369.17,29.68,206.59,259.59,38.66,8.65,0.95,56.13,94.43,5.80,74.45,217.00,35.97,5.89,19.87,0.39,2.08,0.27,0.00,0.00,5.05,0.00,1.42,1.84,3.19,6.35,10.85,10.05,2.83,4.66,195.31,6.07,1.42,3.70,6.54,false
2026-07-22,2127.26,0.00,0.00,114.49,124.80,976.29,3.06,4.63,48.14,16.88,8.01,110.24,792.82,2983.11,280.43,1424.93,31.93,155.88,1681.80,1.17,13.27,711.82,2.38,1384.89,2897.52,199.59,1116.89,31.14,142.85,169.93,25.32,7.13,2.81,45.88,78.67,0.00,79.57,519.80,35.98,9.32,23.24,0.60,2.16,0.27,0.03,0.02,6.51,0.05,3.03,2.10,4.36,7.73,13.34,13.41,3.94,6.09,176.34,7.42,1.71,5.10,7.94,false
2026-07-23,2405.73,0.00,0.00,262.58,274.91,1004.45,3.52,3.09,32.89,14.24,7.36,105.48,928.72,1538.97,382.52,941.00,25.96,301.62,1043.56,1.52,12.28,753.01,4.06,933.66,3507.96,145.75,2561.90,21.85,217.25,259.01,41.35,18.70,7.63,71.99,103.84,14.24,90.37,148.82,35.14,15.90,23.33,0.68,3.38,1.60,0.00,0.00,13.63,0.03,11.62,1.73,2.34,5.13,8.47,7.95,2.19,3.53,146.09,4.98,1.27,2.89,5.04,false
2026-07-24,2565.63,0.00,0.00,31.55,82.84,974.10,3.56,4.82,34.08,15.91,7.80,112.36,880.32,1863.22,276.04,1514.37,31.37,235.74,1996.95,1.30,11.14,750.75,2.66,1358.79,3151.03,117.20,1882.64,25.91,181.28,210.08,28.57,5.17,1.51,76.24,84.01,5.85,102.71,449.58,34.44,24.04,23.31,0.60,4.28,2.33,0.02,0.00,16.44,0.01,12.40,1.70,1.57,5.20,8.38,7.70,1.86,2.74,196.68,5.34,1.54,2.46,4.69,false
2026-07-25,1951.02,0.00,0.00,119.23,250.22,488.51,3.67,3.05,42.38,15.14,7.34,105.09,596.14,1729.28,249.75,1026.23,21.72,165.10,1576.71,1.23,8.65,709.78,3.02,1075.70,2399.93,147.28,3498.22,17.68,161.94,177.51,15.47,7.82,3.86,104.76,46.48,15.72,68.90,207.96,18.40,19.55,19.06,0.86,4.52,2.50,0.24,0.14,15.33,0.09,15.23,2.43,2.94,7.84,12.28,11.40,3.14,4.77,147.55,7.52,2.23,4.23,7.26,false
2026-07-26,2659.45,0.00,0.00,27.75,152.01,946.32,3.24,4.70,48.87,18.16,6.71,111.94,705.23,1203.77,233.62,1049.30,22.87,117.76,1312.60,1.09,17.90,699.60,2.57,1514.05,2684.87,184.53,3058.42,32.20,179.27,223.61,30.57,7.34,1.13,49.98,69.51,18.34,111.35,596.73,20.60,4.68,35.83,1.47,2.73,0.91,0.14,0.07,2.98,0.16,2.51,1.81,3.47,6.32,10.83,10.36,3.16,4.97,188.38,5.98,1.40,4.17,6.69,false
2026-07-27,2492.61,0.00,0.00,36.02,205.23,1134.32,3.27,3.86,34.20,15.27,6.21,104.84,830.24,1291.18,244.50,976.36,20.83,221.25,1183.15,1.07,14.27,743.36,2.87,1125.06,2844.42,103.79,1967.64,20.17,203.18,234.82,31.33,10.24,3.29,55.93,78.09,0.00,100.52,390.22,26.32,10.65,39.41,1.18,3.22,1.44,0.04,0.01,8.43,0.10,6.94,2.06,1.92,6.04,9.77,8.81,2.25,3.49,160.20,6.11,1.77,2.95,5.56,false
2026-07-28,2573.28,6.29,2.08,135.69,431.16,1382.50,2.96,3.34,39.14,17.03,7.33,104.62,674.22,1838.46,312.96,828.20,23.72,243.46,1182.44,1.69,13.10,823.08,4.02,1523.87,4042.63,182.63,2721.76,23.49,184.04,242.64,43.43,20.56,5.78,59.77,95.44,10.63,102.83,578.26,17.73,14.33,46.19,0.87,4.50,2.55,0.17,0.15,5.30,0.11,5.15,1.76,3.12,6.33,10.86,11.06,3.20,4.98,171.34,6.07,1.72,4.48,6.43,false
2026-07-29,2539.36,0.00,4.65,109.13,217.63,963.34,3.15,3.17,35.17,14.69,6.50,105.77,679.44,1967.82,276.13,961.86,17.91,169.71,1466.83,1.38,10.26,713.89,3.44,1116.85,3221.36,137.56,2380.09,22.67,219.17,239.12,18.45,11.36,5.01,79.99,111.71,43.34,99.19,238.17,12.31,5.18,55.43,1.20,2.12,0.50,0.00,0.01,3.43,0.08,2.96,2.42,3.11,7.51,12.15,11.72,3.02,4.81,168.38,7.51,2.12,4.18,7.23,false
2026-07-30,,,,,,,,,,,,,,,,,,,,,,,,,,,,,,,,,,,,,,,,,,,,,,,,,,,,,,,,,,,,,,false
2026-07-31,,,,,,,,,,,,,,,,,,,,,,,,,,,,,,,,,,,,,,,,,,,,,,,,,,,,,,,,,,,,,,false
2026-08-01,,,,,,,,,,,,,,,,,,,,,,,,,,,,,,,,,,,,,,,,,,,,,,,,,,,,,,,,,,,,,,false
2026-08-02,,,,,,,,,,,,,,,,,,,,,,,,,,,,,,,,,,,,,,,,,,,,,,,,,,,,,,,,,,,,,,false
2026-08-03,,,,,,,,,,,,,,,,,,,,,,,,,,,,,,,,,,,,,,,,,,,,,,,,,,,,,,,,,,,,,,false
2026-08-04,,,,,,,,,,,,,,,,,,,,,,,,,,,,,,,,,,,,,,,,,,,,,,,,,,,,,,,,,,,,,,false
2026-08-05,2301.00,0.00,0.00,123.12,275.53,707.96,2.79,3.93,31.78,14.73,5.83,104.98,588.96,1400.42,218.34,925.52,19.95,149.22,2027.85,0.92,12.08,723.36,2.82,1240.85,2509.07,102.53,2116.79,20.94,181.96,214.46,32.33,4.85,1.31,59.61,64.88,8.16,87.83,246.99,23.43,7.22,33.20,1.90,2.02,0.38,0.02,0.01,3.89,0.07,3.81,1.68,2.24,5.45,9.38,8.59,2.24,3.68,168.70,5.22,1.72,3.12,5.41,false
2026-08-06,2995.59,0.00,0.00,86.24,379.40,1538.96,4.01,4.04,38.85,16.81,8.01,111.27,820.90,1882.91,304.45,1267.73,34.26,231.65,2051.18,1.70,13.19,1028.16,4.05,1735.61,2845.67,199.63,2854.07,27.59,262.18,315.49,39.42,13.95,2.36,90.99,136.28,5.80,112.65,517.05,42.35,18.25,33.84,0.63,3.95,1.70,0.20,0.16,14.98,0.14,11.08,1.50,2.10,4.71,8.29,7.17,2.13,3.88,189.43,4.47,1.33,2.96,4.79,false
2026-08-07,2670.09,0.00,0.00,100.68,375.05,1042.00,3.59,3.02,46.56,17.06,8.30,117.23,619.50,2112.37,396.97,1719.13,21.69,249.48,3300.91,1.52,8.48,1191.87,3.31,1216.28,3036.96,150.19,1652.92,31.03,234.97,264.15,28.59,11.76,3.44,85.81,130.05,0.05,87.12,300.93,21.10,17.59,28.82,0.52,4.54,2.04,0.57,0.20,12.80,0.12,12.57,1.67,2.90,5.87,9.54,9.72,2.87,4.27,204.78,5.55,1.53,3.73,5.89,false
2026-08-08,2707.25,0.10,28.42,92.60,281.32,1478.54,1.36,1.76,16.68,6.58,2.47,4.20,591.86,469.55,347.70,266.61,12.19,194.97,1092.92,1.13,10.94,792.71,3.31,1310.18,4267.74,189.84,2263.06,6.39,294.22,336.71,41.90,18.61,6.60,100.05,111.27,8.18,76.89,576.60,19.77,8.66,16.27,0.24,3.67,0.70,0.85,0.40,6.27,0.28,4.98,1.24,2.11,3.65,6.32,5.82,2.04,3.63,173.26,3.38,0.96,2.60,4.22,false
2026-08-09,2611.08,0.00,29.22,39.73,240.02,1073.43,2.59,3.66,50.88,17.65,6.66,104.79,693.92,1329.15,325.43,1155.04,20.13,129.00,1656.28,1.36,11.75,837.63,2.50,1154.84,2223.71,192.87,3076.79,21.75,223.24,249.95,24.87,5.99,1.95,27.05,106.82,7.68,102.24,783.31,22.27,10.19,38.83,0.48,4.12,2.12,0.12,0.03,7.30,0.40,4.75,1.51,2.89,5.24,7.76,7.74,2.76,4.37,176.40,4.34,1.27,3.56,5.36,false
2026-08-10,2789.03,0.00,0.00,54.62,138.00,348.05,3.23,3.07,25.78,11.71,6.45,105.87,582.07,1689.44,378.98,1397.43,18.05,108.46,3468.55,0.98,11.19,917.03,3.36,421.30,1251.15,188.65,2451.73,21.78,265.90,291.09,25.06,4.09,1.23,73.78,131.50,7.79,108.09,58.21,15.02,6.81,38.27,0.19,2.32,0.27,0.00,0.00,4.58,0.01,3.45,0.32,0.53,0.87,1.51,0.94,0.44,1.01,165.82,0.80,0.28,0.62,1.08,false
2026-08-11,2468.03,0.00,0.00,219.57,247.34,1035.64,3.32,3.75,50.52,16.50,9.67,114.74,693.58,1840.07,426.60,1316.48,23.19,169.06,1805.40,1.51,16.99,880.90,2.33,1564.93,4363.47,220.11,2708.62,30.63,196.22,229.59,32.45,11.36,6.29,73.78,91.13,0.00,90.06,768.16,27.09,12.19,29.08,0.95,3.88,1.39,0.40,0.25,9.48,0.33,7.81,1.64,4.38,6.23,10.97,11.89,3.64,5.61,188.73,6.09,1.54,4.83,6.96,false
2026-08-12,2528.96,0.00,0.00,51.50,202.23,731.36,3.10,2.23,40.42,13.14,7.22,108.44,605.21,1872.30,360.82,1232.61,17.27,119.75,1488.95,0.82,6.09,805.63,2.55,625.66,1621.41,118.93,2418.93,18.73,265.16,291.09,25.75,8.50,1.56,47.14,93.92,7.21,67.48,106.46,3.80,3.28,7.94,0.13,2.99,0.79,0.39,0.12,1.61,0.11,1.50,0.77,1.84,2.83,4.69,4.96,1.61,2.49,172.32,2.51,0.71,1.99,2.95,false
2026-08-13,2495.34,0.00,0.00,52.85,347.32,687.85,3.10,2.59,19.99,12.61,6.36,105.67,542.11,1586.63,325.75,1133.33,26.68,149.02,1624.86,1.27,7.94,834.99,7.66,591.44,1649.00,77.05,2549.70,18.54,255.56,295.42,39.43,13.60,3.78,31.27,124.92,0.00,94.58,24.94,11.46,11.24,18.18,0.25,4.58,2.98,0.00,0.00,7.28,0.00,7.27,0.18,0.48,0.71,1.34,1.01,0.33,0.78,121.60,0.63,0.18,0.57,0.91,false
2026-08-14,3295.66,0.22,8.40,105.59,389.38,1869.27,5.60,4.53,54.35,17.62,8.12,106.57,868.87,2018.15,495.45,1040.00,24.23,182.13,2359.99,1.60,18.15,787.05,4.82,1570.48,2829.72,219.06,2880.48,21.75,372.01,414.80,42.37,12.10,3.00,129.27,159.50,31.67,91.84,627.69,25.14,13.80,31.55,0.65,2.90,1.13,0.10,0.03,11.22,0.33,10.88,1.62,2.87,5.16,7.82,7.42,2.65,4.52,212.71,4.27,1.23,3.46,5.33,false
2026-08-15,3039.18,0.00,4.33,75.39,514.15,1090.13,4.11,3.81,32.58,13.27,6.57,107.12,963.06,2069.49,376.82,1157.43,22.61,304.92,1136.75,1.01,15.52,673.78,2.68,902.74,1808.65,180.16,4348.81,21.38,322.24,371.22,48.73,6.89,2.93,85.36,70.19,2.31,114.28,336.88,37.83,7.50,29.84,1.25,2.62,0.69,0.02,0.00,4.95,0.10,4.84,1.50,2.35,4.80,8.29,6.98,2.07,3.92,150.54,4.57,1.39,3.12,5.02,false
2026-08-16,2531.73,0.00,0.00,97.22,311.49,1173.44,4.94,4.52,55.01,16.80,9.25,110.96,807.16,1903.53,425.83,1058.24,28.93,175.93,1468.77,1.56,19.76,763.63,2.98,1844.62,3976.65,227.99,4856.81,29.59,191.05,245.73,38.91,12.00,4.54,90.22,65.65,4.08,92.65,696.20,27.52,13.91,32.43,1.28,3.94,1.80,0.12,0.12,9.11,0.14,6.45,2.05,4.61,7.43,13.09,13.59,3.83,5.98,197.46,7.36,2.07,5.24,7.76,false
2026-08-17,2266.42,0.00,0.00,58.30,70.24,596.09,3.02,3.35,27.77,13.03,6.31,104.72,569.59,1729.96,347.01,943.16,17.75,109.76,1537.77,0.60,5.48,603.16,1.51,983.42,1375.42,124.36,1093.91,15.77,202.63,226.44,23.09,3.45,4.60,23.02,62.47,8.91,72.27,166.88,12.99,7.29,17.25,0.43,2.87,1.22,0.02,0.01,5.80,0.08,5.71,1.66,1.87,5.25,8.38,7.73,2.08,3.06,166.77,5.22,1.55,2.78,4.79,false
2026-08-18,2494.83,0.00,10.78,35.00,6.69,857.64,3.13,3.53,18.15,13.68,6.04,106.81,502.46,1689.60,334.86,1033.38,17.36,104.57,1839.40,0.66,7.53,640.33,2.62,986.30,2261.71,91.31,1912.23,15.65,215.43,241.57,25.67,2.44,2.32,26.95,91.98,13.40,81.72,172.96,14.26,3.32,25.89,0.56,1.69,0.09,0.00,0.00,1.04,0.00,1.04,1.26,1.07,3.93,6.28,5.67,1.37,1.93,182.17,4.05,1.19,1.85,3.49,false
2026-08-19,2632.18,0.00,47.36,34.49,121.17,1405.03,3.00,3.60,51.77,13.51,6.40,110.43,721.97,1258.84,202.15,1375.74,19.43,176.07,1181.15,0.70,18.11,680.25,3.21,1161.61,1907.64,266.10,1057.72,17.91,291.26,310.89,19.52,3.33,0.79,67.96,52.42,4.05,79.19,189.99,23.83,10.82,18.85,0.63,3.26,0.98,0.45,0.10,8.38,0.08,6.80,1.48,2.84,5.41,9.30,9.39,2.79,4.01,166.77,5.30,1.44,3.56,5.72,false
2026-08-20,2143.67,0.00,28.42,88.74,220.68,1343.03,3.47,4.13,41.98,17.09,9.07,112.49,511.24,1910.57,406.86,1186.21,18.12,140.32,1348.89,1.17,12.25,777.67,2.79,1763.35,3996.28,129.73,1429.61,31.10,172.35,201.19,28.73,6.87,3.19,56.13,62.27,6.85,75.87,295.76,15.95,7.32,21.74,0.65,2.61,0.99,0.00,0.01,4.56,0.07,4.49,0.71,1.40,2.57,4.82,4.78,1.37,2.13,170.62,2.68,0.81,1.97,2.78,false
2026-08-21,3426.32,0.00,0.00,89.34,262.53,1588.58,3.75,4.12,39.67,17.25,7.57,112.88,807.10,2594.84,323.51,1532.01,22.58,222.12,3081.26,1.21,15.58,901.13,2.25,1714.12,3477.43,164.72,4582.12,27.68,336.60,364.83,28.07,7.60,2.13,50.14,123.32,3.25,127.61,378.25,23.74,11.17,52.08,1.16,3.04,1.15,0.14,0.14,8.67,0.16,8.51,2.10,3.22,7.73,13.07,12.40,3.42,5.50,206.82,7.46,2.17,4.93,7.79,false
2026-08-22,3195.11,25.75,0.00,763.23,401.69,1124.09,2.78,3.23,39.80,8.36,2.63,7.47,739.07,1370.75,152.76,1446.79,12.21,827.19,2298.54,0.77,25.00,789.26,2.42,1667.26,3035.44,123.00,5875.48,14.17,257.26,288.64,31.06,6.73,3.96,98.73,88.77,7.50,143.99,340.30,45.18,25.89,53.28,1.26,3.57,1.87,0.01,0.01,20.55,0.33,20.21,1.80,3.24,6.37,11.10,8.96,2.97,5.34,145.37,5.90,2.03,4.67,6.99,false
2026-08-23,2730.00,0.00,0.00,83.73,375.20,1083.25,1.51,1.89,24.24,5.17,1.85,16.32,266.60,1142.99,191.10,398.83,14.28,85.63,731.65,1.12,8.82,772.51,3.13,1290.92,1825.27,209.83,3090.30,8.23,276.58,304.96,28.02,9.99,1.56,167.33,65.28,24.36,107.97,358.24,50.42,14.43,23.00,0.31,4.56,0.68,1.32,0.42,11.24,0.18,6.20,1.34,2.34,3.88,6.93,5.55,2.00,4.07,127.54,3.53,1.05,2.79,4.48,false
2026-08-24,2396.77,0.00,0.00,10.04,34.99,964.77,0.77,1.42,13.26,4.85,1.52,8.79,110.91,523.99,114.08,189.36,12.90,57.32,1347.69,1.05,5.87,747.33,1.97,1647.24,1877.27,218.55,2716.93,13.07,228.18,247.05,18.83,1.00,0.49,106.81,42.93,5.98,78.98,541.18,36.54,7.82,15.56,0.55,3.28,0.88,0.28,0.27,5.59,0.16,1.46,1.84,2.95,6.31,11.24,10.27,3.04,5.28,165.25,5.84,1.64,4.16,6.46,false
2026-08-25,3044.98,0.00,0.00,36.82,286.25,669.19,1.29,2.28,13.94,6.19,1.41,4.76,304.40,197.94,169.25,1103.16,8.38,176.75,937.12,0.61,6.61,667.81,1.53,1015.56,2113.09,81.84,1982.35,6.78,275.50,304.04,28.26,9.33,4.20,30.63,61.39,5.80,115.21,466.47,37.35,9.67,32.60,0.23,2.22,0.34,0.04,0.01,8.51,0.15,6.40,1.08,0.99,2.85,4.60,3.91,1.12,1.97,200.44,2.80,0.79,1.55,2.74,false
2026-08-26,2483.83,21.27,0.00,178.32,298.67,1414.51,1.39,2.26,21.21,5.55,2.36,8.58,340.99,607.85,205.71,1255.90,11.58,229.73,1529.41,2.93,11.23,815.96,1.96,1624.53,4022.57,165.42,1920.66,13.49,214.68,243.12,27.03,10.31,3.84,66.61,133.84,43.95,87.39,543.36,28.05,12.96,35.31,1.78,5.28,1.81,0.36,0.16,9.14,0.04,7.66,1.53,2.90,5.71,9.90,9.43,2.76,4.50,150.73,5.40,1.43,3.98,6.26,false
2026-08-27,2886.40,0.00,9.29,86.14,294.27,1133.58,1.52,1.86,19.94,5.50,2.00,8.86,280.35,774.47,192.41,625.99,3.74,39.83,2028.68,0.70,8.36,929.22,1.11,1408.10,2508.61,155.85,3370.54,11.27,302.30,359.20,53.98,5.09,3.07,39.76,149.61,447.40,86.48,607.81,10.27,6.33,27.02,0.64,3.83,0.92,0.37,0.02,4.63,0.27,4.31,1.41,3.15,5.42,9.15,9.12,3.09,4.84,185.02,4.82,1.33,4.08,6.04,false
2026-08-28,2292.03,0.00,0.00,39.31,113.09,629.83,1.41,1.16,12.04,4.03,2.27,4.39,134.22,771.87,172.10,254.73,9.94,82.66,537.39,0.77,6.20,645.92,1.81,705.89,1706.24,102.38,2449.46,5.21,206.45,231.63,24.95,4.38,1.65,77.86,105.27,2.58,122.05,433.14,36.32,14.92,43.18,0.42,3.41,1.54,0.04,0.01,12.28,0.22,8.90,0.68,1.06,1.76,2.99,2.40,0.86,1.82,64.32,1.62,0.51,1.21,2.05,false
2026-08-29,2825.75,3.18,0.00,35.81,193.27,1009.86,2.83,3.76,27.36,14.46,6.24,107.97,554.58,1677.81,233.23,1120.59,24.06,133.85,1406.47,1.30,9.81,721.38,2.41,1361.82,3180.85,159.90,2644.59,24.66,259.69,286.56,25.50,4.31,2.17,87.25,105.02,17.78,126.57,434.97,34.61,10.64,46.81,0.35,2.16,0.53,0.03,0.01,6.67,0.11,6.04,1.22,1.65,3.90,6.70,5.49,1.60,3.02,130.70,3.71,1.11,2.50,4.07,false
2026-08-30,2563.19,9.00,7.15,293.80,526.09,1095.48,4.46,4.06,55.19,17.91,8.13,107.46,981.21,2066.43,312.57,1560.82,24.36,236.88,1463.38,1.34,18.49,785.52,3.32,1473.16,2649.22,208.22,2580.41,20.42,266.53,298.21,31.42,9.66,3.52,82.01,139.21,93.14,94.68,450.62,31.51,25.33,24.46,1.05,5.56,1.78,1.07,0.50,20.89,1.11,16.80,1.43,3.20,5.24,8.69,8.13,2.73,4.87,116.06,4.54,1.29,3.83,5.65,false
2026-08-31,2888.58,0.00,0.00,31.97,254.64,606.32,3.77,3.24,23.82,12.44,6.21,106.45,651.93,1557.43,334.20,936.20,18.35,106.03,1882.61,0.70,6.27,613.02,2.29,831.42,1301.77,140.10,1229.15,18.88,354.04,375.76,21.59,3.93,1.55,55.61,110.72,11.60,74.43,108.15,17.04,3.13,20.23,0.66,1.80,0.18,0.00,0.00,2.10,0.03,2.07,0.99,1.32,3.05,5.12,4.49,1.20,2.09,179.80,2.99,0.78,1.61,2.96,false
2026-09-01,2622.25,0.00,0.00,46.66,58.69,279.10,3.04,2.87,32.30,11.85,6.21,105.82,549.35,1566.95,282.30,1031.05,20.48,158.70,2089.82,0.78,6.89,597.06,1.81,508.72,1303.83,142.39,1782.63,17.09,181.91,204.86,22.80,3.67,2.59,33.16,94.39,5.10,134.25,144.53,25.03,16.38,30.63,0.95,3.66,1.79,0.13,0.02,13.74,0.10,12.29,1.09,1.66,3.63,5.99,5.85,1.61,2.50,146.88,3.52,0.99,2.13,3.64,false
2026-09-02,2563.78,0.00,0.00,44.90,224.48,1218.33,3.19,4.08,26.07,12.51,6.55,104.48,805.69,1567.84,393.17,1256.52,27.41,116.27,2049.97,0.88,5.11,677.36,2.56,497.96,1909.92,90.80,973.19,15.05,308.75,348.55,28.68,8.16,4.09,34.26,151.51,8.72,70.35,103.35,22.47,6.12,23.70,0.36,2.64,0.90,0.01,0.01,4.43,0.04,3.07,1.59,1.76,4.87,7.69,7.27,1.82,2.77,154.99,4.81,1.33,2.32,4.37,false
2026-09-03,2483.32,0.00,0.00,28.41,28.34,623.04,3.42,3.70,25.73,15.19,6.36,107.55,725.16,1868.66,304.37,1405.51,16.66,115.36,2100.20,0.49,9.99,741.36,1.55,795.06,1308.98,120.15,3134.48,18.95,290.12,322.09,31.88,1.70,1.07,40.10,80.45,0.00,75.70,431.52,6.64,2.49,16.36,0.32,1.79,0.14,0.04,0.01,2.23,0.16,2.07,1.20,1.39,3.64,6.13,5.21,1.55,2.67,134.51,3.48,1.00,2.22,3.69,false
2026-09-04,2628.97,0.00,0.00,60.00,122.37,756.74,3.53,3.85,23.69,14.86,6.50,109.11,710.84,2043.40,430.15,1140.66,22.30,125.62,1149.34,1.64,7.85,669.97,2.82,1235.11,1908.41,188.82,3638.69,17.91,278.88,311.21,31.80,5.65,1.35,38.19,85.47,8.70,90.00,702.59,20.32,7.99,25.53,0.18,3.17,0.85,0.11,0.16,4.50,0.27,4.22,1.43,1.46,4.06,6.54,5.99,1.85,3.00,150.63,3.79,1.13,2.32,3.93,false
2026-09-05,3316.66,0.00,11.62,76.37,156.52,1625.93,4.08,5.13,40.94,17.28,7.73,112.96,856.67,2600.79,342.01,1456.97,26.22,134.57,1592.42,0.77,15.05,777.46,1.86,2011.73,3114.75,208.33,4651.74,30.53,340.76,361.72,20.54,3.48,1.38,141.75,146.37,67.46,128.78,1523.37,46.55,14.96,41.99,1.21,3.33,0.43,0.06,0.01,10.50,0.26,5.30,1.47,1.80,4.49,7.54,6.32,1.99,3.51,178.03,4.25,1.58,2.92,4.69,false
2026-09-06,,,,,,,,,,,,,,,,,,,,,,,,,,,,,,,,,,,,,,,,,,,,,,,,,,,,,,,,,,,,,,false
2026-09-07,2726.20,0.00,0.00,29.48,202.78,1003.61,2.86,3.13,18.42,13.13,6.25,105.86,470.27,1705.42,357.83,1109.33,18.30,166.55,2133.88,0.66,2.38,632.43,1.63,852.08,2098.83,87.58,638.10,14.58,312.38,343.31,28.32,8.58,3.30,6.48,167.12,17.40,77.94,40.50,7.60,1.58,11.05,0.03,1.78,0.18,0.00,0.00,1.40,0.00,1.40,0.72,0.92,2.55,4.30,3.88,0.97,1.52,171.86,2.57,0.72,1.43,2.48,false
2026-09-08,2747.58,0.03,0.00,90.50,433.60,804.89,4.23,3.49,37.98,14.10,7.86,109.37,701.49,2405.75,505.95,1175.14,23.82,195.40,1606.10,1.11,11.07,741.71,2.59,1341.83,2621.05,194.15,3159.35,20.57,254.05,286.21,31.51,8.85,4.98,70.05,109.45,22.62,105.34,236.73,25.95,22.57,32.49,1.57,4.59,2.81,0.14,0.03,18.74,0.06,18.65,1.38,2.14,4.41,7.55,7.01,2.11,3.38,162.22,4.25,1.23,2.86,4.56,false
2026-09-09,2766.69,0.00,11.62,80.40,338.29,805.22,3.34,3.23,28.19,13.63,6.55,107.61,561.55,1667.49,260.29,1023.32,18.47,121.18,1450.97,0.91,9.32,671.24,2.70,1031.70,1809.09,135.73,1319.97,22.50,351.05,376.97,24.00,7.93,2.67,46.94,92.45,26.52,70.32,191.13,18.26,5.66,17.65,1.07,2.73,1.10,0.00,0.00,3.43,0.04,3.39,1.38,2.22,4.44,7.54,7.18,2.05,3.24,183.42,4.19,1.00,2.70,4.49,false
2026-09-10,2272.21,0.00,28.42,149.77,400.60,900.63,3.30,3.71,51.18,14.67,8.17,108.98,588.10,1754.71,396.35,1942.13,22.79,157.61,1708.30,1.37,14.76,734.82,3.80,1365.11,2639.58,167.33,2390.81,28.53,131.76,162.12,29.60,11.75,1.28,29.96,81.04,18.86,100.55,346.60,30.38,10.24,35.22,1.72,2.89,1.22,0.02,0.01,7.81,0.20,7.61,1.89,4.33,7.08,12.03,12.35,3.46,5.48,181.83,6.89,1.80,4.71,7.21,false
2026-09-11,,,,,,,,,,,,,,,,,,,,,,,,,,,,,,,,,,,,,,,,,,,,,,,,,,,,,,,,,,,,,,false
2026-09-12,,,,,,,,,,,,,,,,,,,,,,,,,,,,,,,,,,,,,,,,,,,,,,,,,,,,,,,,,,,,,,false
2026-09-14,,,,,,,,,,,,,,,,,,,,,,,,,,,,,,,,,,,,,,,,,,,,,,,,,,,,,,,,,,,,,,false
2026-09-15,,,,,,,,,,,,,,,,,,,,,,,,,,,,,,,,,,,,,,,,,,,,,,,,,,,,,,,,,,,,,,false
